English_Name,Chinese_Name,Gender,Alignment,Power_Type,Detailed_Power,MCU_Presence,Movie_Count,Primary_Team,Mentor_CN,Risk_Level,Social_Style,degree_score,betweenness_score,faction_id,Cross_Index,Image_URL,Loyalty_Score
CAPTAIN AMERICA,美国队长,男,正派,科技,通过超级士兵血清获得远超常人的力量、速度、耐力、敏捷和自愈能力，精通各种格斗技巧和战术，使用振金盾牌作为主要武器。,是,10,复仇者联盟,亚伯拉罕·厄斯金博士,2,团队核心,0.3114575214341387,0.0626517068112438,12,0.9544,pic\heroes\CAPTAIN AMERICA (STEVE ROGERS).jpg,0.1272
SPIDER-MAN/PETER PARKER,蜘蛛侠/彼得·帕克,男,英雄,变异能力,超人类力量、速度、敏捷性、耐力、反应能力；蜘蛛感应（危险预警）；手腕可发射生物蛛丝（早期为自制装置，后为纳米战衣内置）；超凡的攀爬与吸附能力；天才级智力，擅长工程与发明。,是,6,复仇者联盟,托尼·斯塔克（钢铁侠）,9,全网战略枢纽 / 核心连接者,0.2706157443491816,0.0790959498339606,1,0.9511,pic\heroes\SPIDER-MAN.jpg,0.0
IRON MAN/TONY STARK,钢铁侠/托尼·斯塔克,男,正派,科技,依靠高科技战甲，具备飞行、能量炮、防御力场、人工智能辅助战斗等能力。,是,10,复仇者联盟,霍华德·斯塔克,7,团队核心,0.2367887763055339,0.0354777894849685,2,0.9379,pic\heroes\IRON MAN.jpg,0.156
THING/BENJAMIN J. GRIMM,石头人/本杰明·雅各布·格林,男,正派,变异,全身覆盖岩石皮肤，拥有超强力量和防御力，可承受极端物理冲击，但行动相对笨重。,否,0,神奇四侠,里德·理查兹,3,团队核心,0.2204208885424785,0.0249379257562924,2,0.9308,pic\heroes\THING_BENJAMIN_J__GR.jpg,0.1697
MR. FANTASTIC/REED RICHARDS,神奇先生/里德·理查兹,男,正派,变异,身体具有超强弹性和可塑性，能随意拉伸、变形，智力超群，是顶尖科学家和发明家。,是,1,神奇四侠,无,3,团队核心,0.2143413873733437,0.0249133420246079,2,0.928,pic\pic/shield_logo.webp,0.1767
WOLVERINE/LOGAN,金刚狼/罗根,男,正派,变异,拥有超强自愈因子、艾德曼合金骨骼与可伸缩的利爪，感官敏锐，战斗经验丰富。,否,约10部,X战警,X教授,7,孤傲,0.2130943102104442,0.0364131550857275,5,0.9266,pic\heroes\WOLVERINE.jpg,0.1741
SCARLET WITCH/WANDA,绯红女巫/旺达·马克西莫夫,女,正派/反派,魔法/变异,混沌魔法，现实扭曲，能量投射，心灵感应，飞行，概率操控，创造幻象。,是,5,复仇者联盟,阿加莎·哈克尼斯,9,孤傲/情感驱动,0.20576773187841,0.0154629530467616,2,0.9209,pic\heroes\SCARLET WITCH.jpg,0.0
THOR/ORINSSON,雷神/唐纳德·布莱克博士,男,正派,神力,拥有雷神之力，可操控雷电、飞行、超强力量与耐力，使用雷神之锤姆乔尔尼尔。,是,8,复仇者联盟,奥丁,9,团队核心,0.2009353078721746,0.0248913794644273,6,0.922,pic\heroes\THOR.jpg,0.1792
BEAST/HENRY &HANK& P,野兽/亨利·菲利普·“汉克”·麦考伊,男,正派,变异,拥有超人的力量、速度、敏捷性和耐力，手脚巨大且能攀爬，智力极高，是遗传学专家。,是,约5部,X战警,X教授,3,团队核心/学者型,0.1968823070927513,0.023650689477408,5,0.9196,pic\heroes\BEAST.jpg,0.1845
VISION,幻视,非人类,正派,科技/宇宙能量,由振金和心灵宝石构成，拥有飞行、密度控制、能量发射、超强计算和网络连接能力。,是,4,复仇者联盟,托尼·斯塔克,4,理性温和,0.1926734216679657,0.0115278279732999,2,0.9134,pic\heroes\VISION.jpg,0.1853
HAWK,鹰眼,男,正派,格斗,世界顶级弓箭手，精通各种武器和格斗技巧，无超能力但拥有卓越的战术头脑和精准射击能力。,是,6,复仇者联盟,尼克·弗瑞,3,团队核心,0.1828526890101325,0.0243951221239748,2,0.9156,pic\heroes\DARKHAWK.jpg,0.1799
WASP/JANET VAN DYNE,黄蜂女/珍妮特·范·戴因,女,正派,科技,通过皮姆粒子缩小身体至亚原子级别，获得飞行能力，并能发射生物电能量冲击波。,是,2,复仇者联盟,汉克·皮姆,3,团队核心,0.1700701480904131,0.0093440284725096,2,0.9018,pic\pic/shield_logo.webp,0.1989
ANT-MAN/DR. HENRY J.,蚁人/亨利·乔纳森·皮姆博士,男,正派,科技,通过皮姆粒子缩小或放大自身及物体，与蚂蚁等昆虫沟通，控制蚁群，在亚原子领域穿梭。,是,3,复仇者联盟,无,4,孤傲,0.1685113016367888,0.0105518675832328,2,0.9086,pic\heroes\ANT-MAN.jpg,0.1813
CYCLOPS/SCOTT SUMMER,镭射眼/斯科特·萨默斯,男,正派,变异,双眼能发射红色冲击光束，需佩戴特殊眼镜或面罩控制。,否,0,X战警,X教授,4,团队核心,0.167887763055339,0.012983062625005,5,0.8977,pic\heroes\CYCLOPS.jpg,0.2071
SHE-HULK/JENNIFER WA,女浩克/詹妮弗·沃尔特斯,女,正派,变异,通过输血获得类似浩克的超强力量、耐力、再生能力，但能保持理智和律师身份，可控制变身。,是,1,复仇者联盟,布鲁斯·班纳（浩克）,4,团队合作者,0.166796570537802,0.0136002606265423,2,0.8962,pic\pic/shield_logo.webp,0.2047
STORM/ORORO MUNROE S,暴风女/奥萝洛·门罗,女,正派,变异,能操控天气，包括召唤雷电、风暴、降雨、降雪等，并可飞行。,否,约6部,X战警,X教授,7,团队核心,0.1666406858924396,0.0119658138915072,5,0.8989,pic\heroes\STORM.jpg,0.2058
ANGEL/WARREN KENNETH,天使/沃伦·肯尼思·沃辛顿三世,男,正派,变异,拥有巨大的白色翅膀，可飞行，具备超人类力量、速度和耐力，能发射锋利的羽毛作为武器。,否,0,X战警,X教授,4,孤傲,0.1666406858924396,0.0153867479314525,5,0.8989,pic\pic/shield_logo.webp,0.2058
DR. STRANGE/STEPHEN,奇异博士/史蒂芬·斯特兰奇,男,正派,魔法,精通多元宇宙魔法，能操控时间、空间和维度，使用法器如悬浮斗篷和阿戈摩托之眼进行战斗和防御。,是,4,复仇者联盟,古一,8,孤傲,0.1658612626656274,0.0276723722223416,9,0.9083,pic\pic/shield_logo.webp,0.1974
HULK/DR. ROBERT BRUC,绿巨人/布鲁斯·班纳博士,男,正派,变异,伽马射线辐射导致的变异，拥有超强力量、耐力、再生能力和愤怒时体型与力量激增，并能以浩克形态保持理智。,是,8,复仇者联盟,托尼·斯塔克,7,双重人格/团队核心,0.1643024162120031,0.0188202879965319,2,0.9033,pic\heroes\RED HULK.jpg,0.2059
PROFESSOR X/CHARLES,X教授/查尔斯·泽维尔,男,正派,变异,拥有强大的心灵感应能力，可读取思想、控制他人心智、进行精神攻击与防御，并能通过脑波强化机与全球变种人建立联系。,是,约10部,X战警,无明确核心导师，但受其父亲影响并自我成长为变种人领袖,3,团队核心,0.1607170693686672,0.0140020862578811,5,0.8975,pic\pic/shield_logo.webp,0.2056
WONDER MAN/SIMON WIL,神力人/西蒙·威廉姆斯,男,正派,变异,拥有超人的力量、速度、耐力、飞行能力，以及能量投射和离子形态转换能力。,否,0,复仇者联盟,汉克·皮姆,4,团队核心,0.1605611847233047,0.0121440834473885,2,0.8942,pic\pic/shield_logo.webp,0.2146
COLOSSUS II/PETER RA,钢力士/彼得·拉斯普廷,男,正派,变异,全身可转变为有机钢形态，拥有超强力量、防御力、耐力及自愈能力，免疫毒素和疾病。,否,0,X战警,X教授,3,团队核心,0.1593141075604053,0.0099134288687044,5,0.8899,pic\heroes\COLOSSUS.jpg,0.2162
MARVEL GIRL/JEAN GRE,惊奇女孩/琴·葛蕾,女,正派,变异,拥有强大的心灵感应和念动力，能读取思想、控制物体、飞行，体内蕴含凤凰之力，可释放毁灭性能量。,否,0,X战警,X教授,9,团队核心,0.1561964146531566,0.0143143399535527,5,0.9055,pic\heroes\MARVEL GIRL.jpg,0.1866
HERCULES [GREEK GOD],赫拉克勒斯,男,正派,神力,奥林匹斯神族赋予的超级力量、耐力、不朽寿命和战斗技巧，能举起超过100吨重物。,否,0,复仇者联盟,宙斯,8,豪迈直率,0.1540140296180826,0.0084024859267522,2,0.8865,pic\heroes\HERCULES__GREEK_GOD_.jpg,0.2186
"JARVIS, EDWIN",埃德温·贾维斯,男,正派,格斗,无超能力，但具备出色的管家技能、格斗技巧、忠诚品质和危机处理能力，是霍华德·斯塔克的得力助手。,是,2,斯塔克家族/神盾局,霍华德·斯塔克,1,忠诚管家,0.1535463756819953,0.0103404209973202,2,0.9042,pic\pic/shield_logo.webp,0.203
SUB-MARINER/NAMOR MA,纳摩/纳摩·麦肯齐,男,中立,变异,亚特兰蒂斯混血，水下呼吸、超强力量、飞行、长寿，能控制海洋生物。,是,1,亚特兰蒂斯王国,无明确核心导师,7,孤傲/王者风范,0.1524551831644583,0.0171075989846122,2,0.8971,pic\heroes\NAMOR THE SUB-MARINER.jpg,0.0266
DAREDEVIL/MATT MURDO,夜魔侠/马修·默多克,男,正派,变异,因放射性物质导致双目失明，但其他感官超常增强，拥有雷达般的感知能力和卓越的格斗技巧。,是,0,捍卫者联盟,棍叟,4,双重身份,0.1504286827747467,0.0164852600810634,1,0.9019,pic\heroes\DAREDEVIL.jpg,0.2041
ICEMAN/ROBERT BOBBY,冰人/罗伯特·路易斯·德雷克,男,正派,变异,欧米伽级变种人，能操控冰与冷，将身体转化为冰形态，制造冰结构，控制温度。,否,0,X战警,X教授,7,团队核心,0.1469992205767732,0.0113186668979316,5,0.8827,pic\heroes\ICEMAN.jpg,0.2259
"FURY, COL. NICHOLAS",尼克·弗瑞,男,正派,科技,无超能力，依靠顶尖格斗技巧、战略头脑、高科技装备（如隐形战机、能量武器）及神盾局资源指挥全球行动。,是,约10部,神盾局,无明确核心导师,8,团队核心/孤傲/双重间谍,0.1434138737334372,0.0227897575898555,12,0.905,pic\pic/shield_logo.webp,0.2076
"JAMESON, J. JONAH",J·乔纳·詹姆森,男,中立,格斗,无超能力，作为《号角日报》主编，拥有强大的媒体影响力、商业头脑和格斗技巧。,是,约5部,号角日报,无,2,固执/偏执/媒体操控者,0.1434138737334372,0.0168848340227945,1,0.9146,pic\pic/shield_logo.webp,0.0196
BLACK WIDOW/NATASHA,黑寡妇/娜塔莎·罗曼诺夫,女,正派,格斗,经过红房训练的世界顶级特工，精通多种格斗术、武器使用和间谍技巧，无超能力但身体素质远超常人。,是,8,复仇者联盟,克林特·巴顿（鹰眼）,7,双重间谍,0.1432579890880748,0.0079440942927139,2,0.8875,pic\heroes\BLACK ADAM.jpg,0.2176
QUICKSILVER/PIETRO M,快银/皮特罗·马克西莫夫,男,正派,变异,拥有超音速移动能力，反应速度极快，可制造冲击波和在水面奔跑。,是,2,复仇者联盟,万磁王,4,急躁冲动,0.1362431800467654,0.0078049409570816,2,0.8741,pic\heroes\QUICKSILVER.jpg,0.238
NIGHTCRAWLER/KURT WA,夜行者/科特·瓦格纳,男,正派,变异,拥有瞬间传送能力，可在视线范围内或记忆地点间传送，伴有烟雾和硫磺味；具备超强敏捷性、攀爬能力和夜视能力，尾巴可用于抓握和战斗。,否,2,X战警,X教授,3,虔诚友善,0.133593141075604,0.008595256941125,5,0.8812,pic\heroes\NIGHTCRAWLER (KURT WAGNER).jpg,0.2275
ROGUE /,罗刹女,女,正派,吸收/能量操控,通过皮肤接触吸收他人生命力、记忆、超能力，可暂时使用吸收的能力，但长期接触会危及对方生命；自身具有飞行能力和超强体力,否,0,X战警,X教授,高,内向谨慎,0.1290724863600935,0.0075813589536307,5,0.8717,pic\heroes\ROGUE.jpg,0.2246
"WATSON-PARKER, MARY",玛丽·简·沃森-帕克,女,正派,格斗,无超能力，但具备出色的格斗技巧、勇气和领导力，是蜘蛛侠的重要支持者。,否,0,蜘蛛侠相关团队,无,2,团队核心,0.1247077162899454,0.0153527161925706,1,0.922,pic\pic/shield_logo.webp,0.1487
HAVOK/ALEX SUMMERS,浩劫/亚历克斯·萨默斯,男,正派,变异,吸收宇宙能量并转化为强大的等离子爆炸，可从全身释放，需佩戴特殊制服控制能量。,否,0,X战警,查尔斯·泽维尔,6,责任感强/团队合作者,0.1211223694466095,0.01321465555303,5,0.8708,pic\heroes\HAVOK.jpg,0.2329
BLACK KNIGHT V/DANE,黑骑士五世/戴恩·惠特曼,男,正派,魔法/格斗,使用诅咒之剑乌木刃，拥有飞行、能量投射等魔法能力，精通中世纪格斗技巧。,是,1,复仇者联盟,黑骑士三世（珀西爵士）,4,孤傲/责任感强,0.1151987529228371,0.0040904347723953,2,0.8371,pic\heroes\BLACK CANARY.jpg,0.2828
QUASAR III/WENDELL V,类星体三世/温德尔·沃恩,男,正派,宇宙能量,通过量子手环操控量子能量，可飞行、发射能量束、创造能量场、进行星际旅行和能量吸收。,否,0,复仇者联盟,玛-维尔,4,团队核心,0.1137957911145752,0.0059126786235721,6,0.8423,pic\pic/shield_logo.webp,0.2658
SHADOWCAT/KATHERINE,幻影猫/凯瑟琳·安妮·普莱德,女,正派,变异,身体可相位化，穿透固体物质，并携带他人或物体一同穿越。,否,0,X战警,X教授,3,团队核心,0.111925175370226,0.0086386403451949,5,0.8529,pic\heroes\SHADOWCAT_KATHERINE.jpg,0.2479
BLACK PANTHER/T'CHAL,黑豹/特查拉,男,正派,科技/神力,服用心形草后获得超人类体能、感官和敏捷性，并穿戴振金战衣提供防御和能量吸收释放能力。,是,5,复仇者联盟,特查卡,3,团队核心,0.110833982852689,0.0076081682597978,2,0.8535,pic\heroes\BLACK PANTHER.jpg,0.263
CRYSTAL [INHUMAN],水晶,女,正派,变异,能操控土、火、水、风四大元素，通过泰瑞根迷雾觉醒的异人族能力。,否,0,异人族皇室/神奇四侠,黑蝠王,4,团队核心,0.1091192517537022,0.0053912111769611,2,0.849,pic\pic/shield_logo.webp,0.2414
PSYLOCKE/ELISABETH B,灵蝶/伊丽莎白·布拉多克,女,正派,变异,拥有心灵感应、心灵操控能力，能生成精神能量武器，具备超强格斗技巧。,否,0,X战警,X教授,6,孤傲,0.1077162899454403,0.0067211408512798,5,0.8506,pic\heroes\PSYLOCKE.jpg,0.2258
NOVA/RICHARD RIDER,新星/理查德·赖德,男,正派,宇宙能量,通过新星头盔获得宇宙能量，拥有飞行、超强力量、能量发射、超光速飞行和能量吸收等能力。,否,0,新星军团,罗曼·戴,6,团队核心,0.1056897895557287,0.0055511364100673,4,0.8525,pic\heroes\ULTIMATE NOVA.jpg,0.2375
SILVER SURFER/NORRIN,银影侠/诺林·拉德,非人类,中立,宇宙能量,通过宇宙能量操控冲浪板飞行，吸收并释放宇宙能量，拥有超强力量和再生能力，能穿越太空。,否,0,无固定阵营,行星吞噬者,8,孤傲,0.1038191738113795,0.0228843251916939,2,0.8494,pic\heroes\QUICKSILVER_PIETRO_M.jpg,0.0315
DR. DOOM/VICTOR VON,毁灭博士/维克多·冯·杜姆,男,反派,科技/魔法,精通科技与魔法，拥有高科技装甲、能量发射、力场护盾、时间旅行等能力，是拉托维尼亚的独裁者。,否,0,无固定阵营（常作为反派或独立势力）,无明确核心导师,10,孤傲/独裁者,0.1008573655494933,0.0087245797617629,2,0.8379,pic\heroes\DOCTOR DOOM.jpg,0.1654
"ROBERTSON, JOE",乔·罗伯逊,男,正派,格斗,无超能力，作为《号角日报》主编，凭借新闻调查、领导力和坚定道德立场影响事件。,否,0,号角日报,无,1,正直坚定,0.1002338269680436,0.0079002283916145,1,0.8895,pic\pic/shield_logo.webp,0.1975
CANNONBALL II/SAM GU,加农炮二世/山姆·顾,男,正派,变异,变种人能力，能够以超音速飞行并产生保护性力场，冲击力巨大。,否,0,X战警,X教授,4,团队核心,0.0999220576773187,0.0105211937566309,5,0.8629,pic\pic/shield_logo.webp,0.2262
"RICHARDS, FRANKLIN B",富兰克林·本杰明·理查兹,男,正派,宇宙能量,拥有近乎无限的现实扭曲能力，可创造口袋宇宙、操控时空、重塑物质与能量，是漫威宇宙中最强大的变种人之一。,否,0,神奇四侠,里德·理查兹,10,天真但强大,0.0988308651597817,0.0045989980135548,2,0.8348,pic\pic/shield_logo.webp,0.2839
FIRESTAR/ANGELICA JO,火星/安吉莉卡·乔,女,正派,变异,能够生成并控制微波辐射，产生高热、火焰和能量冲击，可飞行并免疫自身热量。,否,0,X战警,X教授,4,团队合作者,0.0954014029618082,0.0040960730343745,4,0.8445,pic\heroes\FIRESTAR.jpg,0.2598
GAMBIT/REMY LEBEAU,牌皇/雷米·勒博,男,正派,变异,能将动能注入物体使其爆炸，擅长使用扑克牌和长棍作为武器，拥有超强敏捷和格斗技巧。,否,0,X战警,暂无明确核心导师,5,魅力四射/亦正亦邪,0.0949337490257209,0.007785981008726,5,0.846,pic\heroes\GAMBIT.jpg,0.2332
"CAGE, LUKE/CARL LUCA",卢克·凯奇/卡尔·卢卡斯,男,正派,变异,皮肤和骨骼经过化学实验强化，拥有刀枪不入的防御力、超人的力量和耐力，能承受爆炸和重击。,是,0,捍卫者联盟,无,4,团队核心,0.0946219797349961,0.0073206626939021,3,0.8335,pic\pic/shield_logo.webp,0.29
NAMORITA/NITA PRENTI,纳摩丽塔/妮塔·普伦蒂,女,正派,变异,亚特兰蒂斯混血，拥有水下呼吸、超强力量、速度、耐力，以及飞行能力。,否,0,新勇士,纳摩,4,团队核心,0.0925954793452844,0.0050361799939417,4,0.8372,pic\heroes\NAMORITA_NITA_PRENTI.jpg,0.266
"SUMMERS, NATHAN CHRI",镭射眼/斯科特·萨默斯,男,正派,变异,双眼可发射高能红色冲击光束，需佩戴特殊眼镜或面罩控制。,否,0,X战警,X教授,4,团队核心,0.0911925175370226,0.0084840136335915,5,0.8635,pic\pic/shield_logo.webp,0.2479
USAGENT/CAPTAIN JOHN,美国特工/约翰·沃克,男,正派/反派（角色有转变）,科技/格斗,通过超级士兵血清获得增强的力量、速度、耐力和反应能力，精通格斗技巧和武器使用。,是,1（主要在剧集《猎鹰与冬兵》中）,美国政府/雷霆特工队,史蒂夫·罗杰斯（美国队长）,6,双重间谍/荣誉驱动,0.0910366328916601,0.0045407178349755,12,0.8425,pic\pic/shield_logo.webp,0.0
SERSI/SYLVIA,西尔维,女,反派,魔法,精通黑暗魔法，能操控能量、制造幻象、进行精神攻击，拥有强大的魔法战斗能力。,否,0,无固定阵营,无,7,孤傲,0.0904130943102104,0.0031768602514713,2,0.8148,pic\pic/shield_logo.webp,0.1345
MOONDRAGON/HEATHER D,月龙/希瑟·道格拉斯,女,正派,宇宙能量,拥有强大的心灵感应、心灵控制、能量投射、飞行及精神攻击能力，能操控宇宙能量进行战斗。,否,0,银河护卫队,灭霸,7,孤傲,0.0890101325019485,0.0036095948969279,6,0.7994,pic\pic/shield_logo.webp,0.2977
POLARIS/LORNA DANE,北极星/洛娜·戴恩,女,正派,变异,拥有操控磁场的变种人能力，可控制金属、飞行、生成电磁脉冲，是万磁王的女儿。,否,0,X战警,万磁王,6,孤傲,0.0876071706936866,0.0026612597728155,5,0.8189,pic\pic/shield_logo.webp,0.2527
IRON FIST/DANIEL RAN,铁拳/丹尼尔·兰德,男,正派,格斗,通过昆仑训练获得铁拳之力，能将气集中在拳头上释放出超自然能量，精通武术和格斗技巧。,否,0,捍卫者联盟,雷公,4,孤傲,0.0857365549493374,0.0074276625947944,3,0.8317,pic\heroes\IRON FIST.jpg,0.2818
FALCON/SAM WILSON,猎鹰/山姆·威尔逊,男,正派,科技,通过高科技飞行翼套装进行高速飞行，配备微型导弹、机枪等武器，并可与鸟类心灵感应沟通。,是,7,复仇者联盟,美国队长,3,团队核心,0.0840218238503507,0.0025470961651778,12,0.8084,pic\heroes\FALCON.jpg,0.2913
"JONES, RICHARD MILHO",理查德·米尔豪·琼斯,男,反派,变异,拥有超强再生能力，可快速愈合伤口，身体组织能抵抗极端伤害，但无法完全免疫致命攻击。,否,0,无固定阵营,无,4,孤傲,0.0840218238503507,0.0057695018708258,2,0.8318,pic\pic/shield_logo.webp,0.154
"COOPER, DR. VALERIE",瓦莱丽·库珀博士,女,正派,科技,无超能力，但作为政府官员和科学家，擅长超人类事务管理与科技研发，拥有高级情报分析能力。,否,0,美国政府超人类事务部门,无,2,理性务实,0.0838659392049883,0.0031368155252725,5,0.8236,pic\pic/shield_logo.webp,0.2695
BINARY/CAROL DANVERS,二进制/卡罗尔·丹弗斯,女,正派,宇宙能量,吸收并操控白洞能量，拥有超光速飞行、能量投射、宇宙感知等能力，可进入二进制状态大幅增强力量。,是,4,复仇者联盟,玛·威尔,9,团队核心,0.0837100545596258,0.0024948852534412,2,0.8244,pic\pic/shield_logo.webp,0.2756
WOLFSBANE/RAHNE SINC,狼毒/拉赫妮·辛克,女,正派,变异,变种人，能变身为狼或半狼形态，拥有超强力量、速度、敏捷和感官，以及快速自愈能力。,否,0,X战警,X教授,3,忠诚可靠,0.083398285268901,0.0041683836107855,5,0.8009,pic\pic/shield_logo.webp,0.2822
THUNDERSTRIKE/ERIC K,雷霆打击/埃里克·K,男,正派,神力,通过雷神之锤获得超人的力量、耐力、飞行能力，并能操控雷电和风暴。,否,0,复仇者联盟,索尔（雷神）,3,团队核心,0.0830865159781761,0.0039546828136253,6,0.8082,pic\pic/shield_logo.webp,0.2739
CAPTAIN MARVEL II/MO,惊奇队长II/莫妮卡·兰博,女,正派,宇宙能量,吸收并操控各种形式的电磁能量，可转化为光能、热能、动能，实现飞行、能量投射、隐形、相位穿越等能力。,是,2,复仇者联盟,卡罗尔·丹弗斯,4,团队核心,0.0827747466874512,0.0023934634839034,2,0.7968,pic\heroes\CAPTAIN MARVEL.jpg,0.307
MAGNETO/MAGNUS/ERIC,万磁王/马克斯·艾森哈特/埃里克·兰谢尔,男,反派/中立,变异,能够操控磁场和金属，包括飞行、制造力场、控制铁元素等，是欧米茄级变种人。,否,约10部（主要在X战警系列电影中）,X战警（曾短暂加入）/变种人兄弟会,无明确核心导师，但查尔斯·泽维尔（X教授）是其重要对手和思想影响者。,9,孤傲/激进领袖,0.0819953234606391,0.0025028341429033,5,0.801,pic\pic/shield_logo.webp,0.0
UATU,观察者乌阿图,非人类,中立,宇宙能量,拥有全知视角，能观察多元宇宙事件，但受誓言约束不得干预，具备超强防御和能量投射能力。,是,1,观察者,无,2,孤傲,0.0818394388152767,0.0056341619073044,2,0.7839,pic\pic/shield_logo.webp,0.0457
MOCKINGBIRD/DR. BARB,仿声鸟/芭芭拉·莫尔斯,女,正派,格斗,精通多种格斗术，擅长使用战斗棍，具备出色的间谍技能和战术分析能力。,否,0,神盾局,尼克·弗瑞,4,双重间谍,0.0813717848791894,0.0025788834675321,2,0.7938,pic\pic/shield_logo.webp,0.3142
SUNSPOT/ROBERTO DACO,太阳黑子/罗伯托·达科斯塔,男,正派,变异,吸收太阳能转化为超强力量、飞行和热能释放，在阳光下能力增强，黑暗环境减弱。,否,0,X战警/新变种人,X教授,4,团队核心/自信,0.0809041309431021,0.00468425723344,5,0.8349,pic\heroes\SUNSPOT.jpg,0.2389
TIGRA/GREER NELSON,虎女/格里尔·纳尔逊,女,正派,变异,拥有猫科动物的超强感官、敏捷、力量、利爪和平衡能力，以及部分魔法抗性。,否,0,复仇者联盟,汉克·皮姆,3,团队核心,0.0804364770070148,0.0030818168376834,2,0.7797,pic\pic/shield_logo.webp,0.3333
BANSHEE/SEAN CASSIDY,嚎叫/肖恩·卡西迪,男,正派,变异,拥有超音速声波能力，可发出破坏性声波攻击、进行声波飞行和回声定位。,否,0,X战警,X教授,3,团队核心,0.0782540919719407,0.0041799855750416,5,0.8438,pic\heroes\BANSHEE.jpg,0.243
SPEEDBALL/ROBBIE BAL,速球/罗比·鲍德温,男,正派,变异,通过接触零物质获得能力，能产生动能场，吸收冲击并反弹，高速移动和跳跃。,否,0,新勇士,无,4,冲动易怒,0.0782540919719407,0.0028778788612162,4,0.8061,pic\pic/shield_logo.webp,0.2769
"DUGAN, TIMOTHY ALOYI",蒂莫西·阿洛伊·杜根,男,正派,格斗,前美国陆军上校，神盾局高级特工，精通格斗、枪械和战术指挥，无超能力但经验丰富。,是,1,神盾局,尼克·弗瑞,3,忠诚可靠,0.0773187840997661,0.0062177643049474,2,0.8386,pic\pic/shield_logo.webp,0.2641
"NELSON, FRANKLIN FOG",富兰克林·福格·纳尔逊,男,正派,格斗,作为夜魔侠的挚友兼法律合伙人，他是一名优秀的律师，没有超能力，但具备出色的法律素养、坚定的正义感和对朋友的忠诚。,是,0,尼尔森与默多克律师事务所,无,2,团队核心,0.0773187840997661,0.0061919064793233,1,0.8452,pic\pic/shield_logo.webp,0.254
JUSTICE II/VANCE AST,正义二世/万斯·阿斯特,男,正派,变异,能够操纵动能，包括吸收、储存和释放动能，用于增强力量、速度或发射能量冲击波。,否,0,新勇士,夜鸫,4,团队核心,0.0762275915822291,0.0028563616393349,4,0.8344,pic\pic/shield_logo.webp,0.2679
"PARKER, MAY",梅·帕克,女,正派,格斗,无超能力，但具备出色的格斗技巧和战斗经验，常作为蜘蛛侠彼得·帕克的精神支柱和家庭支持者。,是,3,无核心阵营,无,1,家庭核心,0.0760717069368667,0.0050944207439474,1,0.8767,pic\pic/shield_logo.webp,0.166
PUNISHER II/FRANK CA,惩罚者II/弗兰克·卡索,男,正派,格斗,无超能力，依靠顶尖军事训练、战术头脑、武器精通和坚韧意志进行战斗，擅长使用各种枪械和近身格斗。,否,0,独立行动/偶尔与神盾局合作,无固定导师,7,孤傲,0.075448168355417,0.0162412795611152,1,0.8869,pic\pic/shield_logo.webp,0.1963
DR. DRUID/ANTHONY LU,德鲁伊德博士/安东尼·卢,男,正派,魔法,精通古代德鲁伊魔法，能操控自然元素、进行预言占卜、施展精神控制和心灵感应。,否,0,复仇者联盟,梅林,4,神秘学者,0.0748246297739672,0.0014268355193979,2,0.7671,pic\pic/shield_logo.webp,0.3438
FORGE,锻造者,男,正派,科技,拥有与生俱来的发明创造天赋，能快速理解并制造任何科技设备，尤其擅长武器和机械装置。,否,0,X战警,X教授,4,孤傲,0.0740452065471551,0.0017744043583277,5,0.788,pic\pic/shield_logo.webp,0.2947
IRON MAN IV/JAMES R.,钢铁侠四代/詹姆斯·R·罗兹,男,正派,科技,穿着高科技装甲，具备飞行、能量炮、超强防御和战术分析能力，装甲由斯塔克工业技术升级。,否,0,复仇者联盟,托尼·斯塔克,3,团队核心,0.0724863600935308,0.0075988667967337,0,0.8467,pic\pic/shield_logo.webp,0.243
CAPTAIN BRITAIN/BRIA,英国队长/布里亚,女,正派,魔法/神力,通过魔法护身符获得超人类力量、耐力、飞行能力，并能操控能量进行攻击和防御。,否,0,英国队长军团/复仇者联盟,梅林,4,团队核心/坚韧果敢,0.0717069368667186,0.0046438228129409,5,0.7721,pic\pic/shield_logo.webp,0.3783
STARFOX/EROS,星狐/厄洛斯,男,正派,神力,永恒族成员，拥有飞行、超强力量、耐力，并能通过接触激发他人愉悦感，影响情绪。,是,1,永恒族,阿贾克,3,魅力型/享乐主义,0.0712392829306313,0.0018061812505286,2,0.7729,pic\pic/shield_logo.webp,0.3348
SASQUATCH/WALTER LAN,大脚怪/沃尔特·兰,男,正派,变异,可变为巨大、毛茸茸的类人生物，拥有超强力量、耐力和再生能力，能抵御极端环境。,否,0,阿尔法战队,詹姆斯·麦克唐纳·哈德森（守护者）,4,团队核心,0.0709275136399064,0.0029394165145397,5,0.7457,pic\pic/shield_logo.webp,0.3451
"MACTAGGERT, MOIRA KI",莫伊拉·金·麦克塔格特,女,正派,变异,拥有十次生命轮回的能力，每次死亡后会在出生时重生并保留所有记忆，可改变历史走向。,否,0,X战警,查尔斯·泽维尔,7,双重间谍,0.0704598597038191,0.0031701121034055,5,0.8163,pic\pic/shield_logo.webp,0.2522
THUNDERBIRD II/JAMES,雷霆鸟二世/詹姆斯·普罗迪,男,正派,变异,拥有超人的力量、速度、耐力、感官和飞行能力，以及强大的能量吸收和释放能力。,否,0,X战警,X教授,4,团队核心,0.0703039750584567,0.0048008041861867,5,0.8395,pic\pic/shield_logo.webp,0.2461
MEDUSA/MEDUSALITH AM,美杜莎/美杜莎莉丝·阿姆,女,正派,变异,拥有超强力量、速度、耐力，并能通过意念控制头发，使其成为可自由伸缩、强度极高的武器。,否,0,异人族,黑蝠王,4,团队核心,0.0699922057677318,0.0024985787150915,2,0.7755,pic\heroes\MEDUSA.jpg,0.3163
JUBILEE/JUBILATION L,欢欢/朱比莉,女,正派,变异,能够从双手发射出炫目的等离子能量球，产生爆炸和强光，并可通过情绪控制其强度。,否,0,X战警,金刚狼,3,活泼叛逆,0.0698363211223694,0.0062647870621174,5,0.8366,pic\heroes\JUBILEE.jpg,0.2455
BEETLE/ABNER RONALD,甲虫/阿布纳·罗纳德,男,反派,科技,身穿高科技装甲，具备飞行、能量武器、增强力量与防御能力，装甲可变形适应不同战斗环境。,否,0,邪恶大师,无,5,雇佣兵/机会主义者,0.0695245518316445,0.0019481979695609,12,0.8123,pic\pic/shield_logo.webp,0.1794
KARNAK [INHUMAN],卡尔纳克,男,正派,变异,异人族，拥有超凡的洞察力，能发现任何物体或系统的弱点，并精准攻击使其失效。,是,1,异人族,黑蝠王,3,冷静理性,0.0693686671862821,0.0029675281295548,2,0.7783,pic\pic/shield_logo.webp,0.3191
WONG,王,男,正派,魔法,精通秘术魔法，能开启传送门、制造能量武器、操控元素，是卡玛泰姬的资深法师和图书管理员。,是,约5部,至尊法师/卡玛泰姬,古一,3,沉稳可靠,0.0692127825409197,0.004293330942221,9,0.8445,pic\pic/shield_logo.webp,0.268
BLACK BOLT/BLACKANTO,黑蝠王/布莱克·博尔特,男,正派,变异,拥有通过声带释放毁灭性能量的能力，即使轻声细语也能造成巨大破坏，需长期保持沉默。,是,1,异人族皇室,阿贡,8,孤傲,0.0692127825409197,0.0031374360640143,2,0.7752,pic\heroes\BLACK MANTA.jpg,0.3176
KINGPIN/WILSON FISK,金并/威尔逊·菲斯克,男,反派,格斗,无超能力，但拥有远超常人的体格、力量、格斗技巧和极高的智力，是纽约地下犯罪帝国的首领。,是,0,无固定阵营，常作为蜘蛛侠、夜魔侠等街头英雄的主要对手。,无,9,控制欲强/幕后操纵者/双重身份,0.0689010132501948,0.009447292627339,1,0.8666,pic\heroes\KINGPIN (WILSON FISK).jpg,0.1538
GORGON [INHUMAN],戈耳工,男,正派,变异,拥有超强力量和耐力，双脚能引发地震波，是异人族皇室护卫队成员。,否,0,异人族皇室护卫队,黑蝠王,5,忠诚护卫,0.0684333593141075,0.0028944529435746,2,0.7693,pic\pic/shield_logo.webp,0.3235
"MASTERS, ALICIA REIS",艾丽西亚·雷斯·马斯特斯,女,反派,科技,通过高科技装备增强体能和战斗技巧，擅长使用先进武器和战术分析，无超自然能力。,否,0,无固定核心阵营,无,3,孤傲,0.0681215900233827,0.0023851697380378,2,0.7772,pic\pic/shield_logo.webp,0.1716
BOOMER/TABITHA SMITH,布姆/塔比莎·史密斯,女,反派,变异,能够从身体释放能量爆炸，通常表现为投掷能量球或制造冲击波，威力可调节。,否,0,地狱火俱乐部,塞巴斯蒂安·肖,4,叛逆,0.0678098207326578,0.0048418646057554,5,0.8397,pic\pic/shield_logo.webp,0.0897
SCREAMING MIMI/MELIS,尖叫女妖/梅莉斯,女,反派,变异,拥有超强声波攻击能力，可发出破坏性音波，并具备一定格斗技巧和敏捷性。,否,0,邪恶大师,泽莫男爵,5,孤傲,0.0673421667965705,0.0023836948187311,12,0.8131,pic\pic/shield_logo.webp,0.1898
MOONSTONE II/KARLA S,月光石二代/卡拉·索芬,女,反派,宇宙能量,通过月光石获得飞行、能量投射、密度操控、隐形和超强力量，能吸收并释放能量。,否,0,雷霆特工队,诺曼·奥斯本,7,野心勃勃/双重间谍,0.0668745128604832,0.0021479928407182,12,0.8212,pic\heroes\MOONSTONE (KARLA SOFEN).jpg,0.1748
SHAMAN/MICHAEL TWOYO,萨满/迈克尔·图约,男,正派,魔法,能够操控自然元素、进行灵魂旅行、施展治疗法术，并拥有强大的精神感知能力。,否,0,阿尔法飞行队,无明确核心导师,4,沉稳内敛,0.0662509742790335,0.0022241056272546,5,0.7297,pic\pic/shield_logo.webp,0.3718
LOKI [ASGARDIAN],洛基,男,反派,魔法/神力,精通阿斯加德魔法，擅长幻术、变形、心灵控制，拥有超强体能和寿命，能使用宇宙魔方等神器。,是,6,无固定阵营（曾短暂领导齐塔瑞军队）,奥丁,9,诡计多端/双重间谍,0.0662509742790335,0.0022435228582765,6,0.7837,pic\heroes\LOKI__ASGARDIAN_.jpg,0.1788
BLOB/FRED J. DUKES,肉球/弗雷德·J·杜克斯,男,反派,变异,拥有超强密度和重量，身体几乎无法移动，能吸收冲击并反弹攻击，皮肤极其坚韧。,否,0,变种人兄弟会,万磁王,4,孤傲,0.0659392049883086,0.003471155565167,5,0.7949,pic\heroes\BLOB.jpg,0.156
ODIN [ASGARDIAN],奥丁,男,正派,神力,拥有奥丁之力，可操控宇宙能量、施展强大魔法、预知未来，是阿斯加德的神王。,是,3,阿斯加德,无,8,威严领袖,0.0659392049883086,0.0030836478794759,6,0.7995,pic\heroes\ODIN.jpg,0.2624
POWER MAN/ERIK JOSTE,神力侠/埃里克·乔斯特,男,反派,变异,拥有超人的力量、耐力和抗击打能力，能举起重物并承受强大冲击。,否,0,无固定核心阵营,无,4,孤傲,0.0656274356975838,0.0028769824073891,12,0.8221,pic\pic/shield_logo.webp,0.1971
TRITON,特里同,非人类,正派,变异,亚特兰蒂斯人，拥有水下呼吸、超强力量、速度、耐力，以及水下高速移动能力。,否,0,异人族,黑蝠王,3,忠诚护卫,0.0654715510522213,0.0023518595333581,2,0.7599,pic\pic/shield_logo.webp,0.3214
NORTHSTAR/JEAN-PAUL,北极星/让-保罗·博利尔,男,正派,变异,变种人，能超音速飞行，发射强光，拥有超人类体能和反应速度。,否,0,X战警,X教授,3,孤傲,0.0653156664068589,0.0034756200823145,5,0.7222,pic\pic/shield_logo.webp,0.358
"LEEDS, BETTY BRANT",贝蒂·布兰特·利兹,女,正派,格斗,无超能力，作为记者和蜘蛛侠的盟友，具备调查能力和基础格斗技巧。,否,0,无固定核心阵营,无,1,调查型盟友,0.0645362431800467,0.0018627298926919,1,0.861,pic\pic/shield_logo.webp,0.1691
SPIDER-WOMAN II/JULI,蜘蛛女侠II/朱莉,女,正派,变异,拥有蜘蛛感应、超强力量与敏捷、手腕发射生物电蛛丝、爬墙能力，并具备飞行能力。,否,0,复仇者联盟,杰西卡·德鲁,4,团队核心,0.063912704598597,0.0021998933734798,0,0.7825,pic\heroes\SPIDER-WOMAN.jpg,0.261
ANT-MAN II/SCOTT HAR,蚁人II/斯科特·朗,男,正派,科技,通过皮姆粒子战衣缩小或放大身体，控制蚂蚁，在亚原子尺度穿梭，拥有超强力量和敏捷性。,是,5,复仇者联盟,汉克·皮姆,3,团队核心,0.063912704598597,0.0017851021577134,2,0.7517,pic\pic/shield_logo.webp,0.322
"URICH, BEN",本·尤里克,男,正派,格斗,无超能力，是经验丰富的调查记者，擅长挖掘真相和揭露腐败，具备出色的调查技巧和坚韧的品格。,否,0,无,无,1,正直坚韧,0.0634450506625097,0.0046912496315096,1,0.8664,pic\pic/shield_logo.webp,0.1622
AURORA/JEANNE-MARIE,极光/珍妮-玛丽,女,正派,变异,拥有光速飞行、发射强光、制造光能爆炸和光能护盾的能力，并能通过光能影响他人情绪。,否,0,阿尔法战队,詹姆斯·麦克唐纳·赫德森,4,双重人格,0.0631332813717848,0.0031620635528199,5,0.7083,pic\pic/shield_logo.webp,0.3753
"GYRICH, HENRY PETER",亨利·彼得·吉里奇,男,反派,科技,使用先进科技武器和装备，包括能量武器、飞行装置和防护服，无超能力但技术高超。,否,0,九头蛇,红骷髅,6,忠诚执行者,0.0625097427903351,0.0021548394631232,12,0.7895,pic\pic/shield_logo.webp,0.1721
MIRAGE II/DANIELLE M,幻影二代/丹妮尔·M,女,正派,变异,能够投射逼真的三维全息影像，用于迷惑敌人、制造幻象和战术欺骗，影像具有触感和声音。,否,0,新变种人,幻影（米拉吉·圣约翰）,3,团队合作者,0.0620420888542478,0.0044627727899393,5,0.8011,pic\pic/shield_logo.webp,0.2814
PHOENIX III/RACHEL S,凤凰三/瑞秋·萨默斯,女,正派,宇宙能量,拥有凤凰之力碎片，可操控宇宙能量、心灵感应、预知未来、能量投射及飞行。,否,0,X战警,琴·葛蕾,8,孤傲,0.0618862042088854,0.0019808956161703,5,0.7936,pic\heroes\DARK PHOENIX (JEAN GREY).jpg,0.2695
GALACTUS/GALAN,行星吞噬者/加兰,非人类,中立,宇宙能量,拥有宇宙级力量，能吞噬行星能量维持生命，操控物质与能量，创造生命与宇宙实体。,否,0,无固定阵营,无,10,孤傲,0.0617303195635229,0.0012697879122517,6,0.7316,pic\heroes\GALACTUS.jpg,0.0455
MEPHISTO,墨菲斯托,非人类,反派,魔法,地狱维度领主，拥有强大的魔法、变形、操控灵魂、现实扭曲等能力，几乎不朽。,否,0,地狱领主,无,9,狡诈操纵者,0.0615744349181605,0.003364277371921,6,0.7845,pic\heroes\MEPHISTO.jpg,0.1316
MYSTIQUE/RAVEN DARKH,魔形女/瑞雯·达克霍姆,女,反派,变异,拥有变形能力，可以完美模仿任何人的外貌、声音和体型，具备超强自愈能力和格斗技巧。,否,约10部,X战警/变种人兄弟会,万磁王,7,双重间谍/孤傲,0.0615744349181605,0.0027164403378227,5,0.7963,pic\pic/shield_logo.webp,0.1114
LOCKJAW [INHUMAN],锁齿狗,非人类,正派,变异,拥有心灵传送能力，能传送自身及他人，体型巨大但性格温顺，是异人族皇室宠物。,是,1,异人族皇室,黑蝠王,2,忠诚伙伴,0.0615744349181605,0.0023818608391147,2,0.7528,pic\pic/shield_logo.webp,0.3418
FANDRAL [ASGARDIAN],范达尔（阿斯加德人）,男,正派,神力,作为阿斯加德人，拥有超人的力量、速度、耐力和寿命，精通剑术和格斗技巧。,是,2,仙宫三勇士,奥丁,3,风流倜傥,0.0612626656274357,0.0023687970462359,6,0.787,pic\pic/shield_logo.webp,0.2824
HOGUN [ASGARDIAN],霍根（仙宫战士）,男,正派,神力,拥有阿斯加德人的超人体质，包括超强力量、耐力、寿命和战斗技巧，精通多种武器，尤其是战锤。,是,3,仙宫三勇士,奥丁,4,忠诚战士,0.0612626656274357,0.0023653877258267,6,0.787,pic\pic/shield_logo.webp,0.2824
WHITE QUEEN/EMMA FRO,白皇后/艾玛·弗罗斯特,女,正派/反派,变异,拥有强大的心灵感应能力，能读取思想、控制他人心智、制造心灵幻象，并能将身体转化为钻石形态，增强防御力。,否,0,X战警,查尔斯·泽维尔,7,孤傲/双重间谍,0.0612626656274357,0.0037408224362354,5,0.8172,pic\heroes\BERUETTE WHITE.jpg,0.0
"HUDSON, HEATHER",希瑟·哈德森,女,正派,科技,作为神盾局特工，拥有高级格斗技能、武器使用和战术分析能力，无超自然力量。,否,0,神盾局,尼克·弗瑞,3,忠诚可靠,0.0612626656274357,0.0047838141583945,5,0.7712,pic\pic/shield_logo.webp,0.257
"NORRISS, SISTER BARB",芭芭修女,女,正派,魔法,作为魔法师，她掌握多种魔法，包括能量投射、传送和防御法术，是魔法领域的专家。,否,0,魔法师团体,古一,3,团队核心,0.0606391270459859,0.0013831926040255,2,0.7294,pic\pic/shield_logo.webp,0.3573
NIGHT THRASHER/DUANE,夜行侠/杜安,男,正派,格斗,无超能力，依靠高科技装备（如动力装甲、滑板）和精湛的武术进行战斗。,否,0,新勇士,无明确核心导师,4,团队核心,0.0598597038191738,0.0022188062168243,4,0.8195,pic\heroes\NIGHTMARE.jpg,0.2526
SIF,希芙,女,正派,神力,拥有阿斯加德神族的超强力量、耐力、战斗技巧和长寿，是阿斯加德最杰出的女战士之一。,是,2,阿斯加德,奥丁,3,忠诚战士,0.059236165237724,0.0023548142486817,6,0.7814,pic\heroes\LADY SIF.jpg,0.2632
SUNFIRE/SHIRO YOSHID,太阳火/志志雄真实,男,正派,变异,能产生并操控等离子体火焰，飞行，吸收太阳能增强能力，免疫高温。,否,0,X战警,X教授,6,孤傲,0.0590802805923616,0.0059936848477906,5,0.7283,pic\pic/shield_logo.webp,0.3879
SANDMAN/WILLIAM BAKE,沙人/威廉·贝克,男,反派,变异,身体可转化为沙状物质，随意变形、重组、硬化，控制沙子攻击或防御。,否,0,邪恶六人组,无,7,孤傲,0.0587685113016367,0.0012780861905721,1,0.7824,pic\heroes\SANDMAN_WILLIAM_BAKE.jpg,0.1459
DAZZLER II/ALLISON B,炫光女侠II/艾莉森·B,女,正派,变异,能将声波转化为强光、激光等光能形式，用于攻击、防御、照明或制造幻象。,否,0,X战警,X教授,3,团队核心,0.0586126266562743,0.0015114902657802,5,0.721,pic\heroes\DAZZLER.jpg,0.3644
THANOS,灭霸,非人类,反派,神力/宇宙能量,拥有宇宙级力量、耐力、再生能力，能操控宇宙立方、无限宝石等神器，精通战略与科技。,是,5,黑暗教团,死亡女神,10,孤傲/独裁者,0.0576773187840997,0.0032097523828804,5,0.7206,pic\heroes\THANOS.jpg,0.1
PHARAOH RAMA-TUT,法老拉玛图特,男,反派,科技,来自31世纪的征服者康的变体，利用未来科技统治古埃及，拥有先进武器和时间旅行能力。,否,0,无固定阵营,无,8,孤傲,0.0575214341387373,0.0012674116373354,2,0.7211,pic\pic/shield_logo.webp,0.1816
PUCK/EUGENE MILTON J,帕克/尤金·米尔顿·J,男,正派,变异,因实验获得超强耐力、敏捷和力量，体型矮小但格斗技巧高超，能承受巨大冲击。,否,0,阿尔法战队,无明确核心导师,3,团队合作者,0.0575214341387373,0.0043863347808795,5,0.7525,pic\pic/shield_logo.webp,0.29
SIRYN/THERESA ROURKE,女妖/特蕾莎·鲁尔克,女,正派,变异,拥有强大的声波操控能力，能发出超声波攻击、制造声波护盾、进行声波飞行和催眠等。,否,0,X战警,X教授,4,团队核心,0.05705378020265,0.0032228104523148,5,0.8223,pic\pic/shield_logo.webp,0.235
HELLCAT/PATSY WALKER,地狱猫/帕齐·沃克,女,正派,魔法,通过魔法获得超人类力量、速度、敏捷度、感知力和心灵感应能力，能进行灵魂出窍和附身。,否,0,捍卫者联盟,女巫阿加莎·哈克尼斯,3,双重身份,0.0568978955572876,0.0040684626723489,2,0.6992,pic\heroes\HELLCAT_PATSY_WALKER.jpg,0.3534
BISHOP /,毕肖普 / 卢卡斯·毕肖普,男,正派,变异,能够吸收并重新定向各种形式的能量，包括动能、热能、电能等，将其转化为自身力量或释放攻击。,否,0,X战警,X教授,5,团队核心,0.055962587685113,0.0062887219437489,5,0.7821,pic\heroes\BISHOP.jpg,0.2981
SPIDER-MAN CLONE/BEN,蜘蛛侠克隆体/本·莱利,男,正派,变异,拥有与蜘蛛侠彼得·帕克相似的超能力，包括蜘蛛感应、超强力量与敏捷、爬墙能力，并能发射有机蛛丝。,否,0,新勇士,彼得·帕克,3,双重身份,0.0553390491036632,0.0074817673223778,1,0.8623,pic\pic/shield_logo.webp,0.1831
"HARKNESS, AGATHA",阿加莎·哈克尼斯,女,反派,魔法,精通混沌魔法和古老巫术，能操控能量、变形、精神控制及吸收他人魔法力量。,是,1,无固定阵营,无明确导师,8,伪装欺骗,0.0553390491036632,0.0017291217760448,2,0.7135,pic\pic/shield_logo.webp,0.1296
BALDER [ASGARDIAN],巴尔德尔,男,正派,神力,拥有超凡的阿斯加德神族力量、耐力、速度与再生能力，是光明与纯净之神，对多数攻击免疫。,否,0,阿斯加德,奥丁,2,光明磊落,0.054871395167576,0.0019555196202304,6,0.7633,pic\pic/shield_logo.webp,0.2841
DARKHAWK/CHRIS POWEL,暗鹰/克里斯·鲍威尔,男,正派,科技,通过暗鹰护甲获得飞行、超级力量、能量冲击、隐形和快速自愈能力，并能切换至能量形态。,否,0,新勇士,无明确核心导师,4,孤傲,0.0547155105222135,0.0023434271457674,4,0.7414,pic\pic/shield_logo.webp,0.3162
VOLSTAGG,沃斯塔格,男,正派,神力,作为阿斯加德人，拥有远超常人的力量、耐力、寿命和战斗技巧，是仙宫三勇士之一。,是,3,仙宫三勇士/阿斯加德,奥丁,3,忠诚伙伴,0.0545596258768511,0.0019327680615223,6,0.8028,pic\pic/shield_logo.webp,0.2371
LIVING LIGHTNING/MIG,活体闪电/米格尔·桑托斯,男,正派,变异,能够将身体转化为电流形态，进行高速移动、飞行、释放电击，并免疫物理攻击。,否,0,复仇者联盟,托尼·斯塔克（钢铁侠）,3,团队核心,0.0544037412314887,0.0009630526912962,5,0.7191,pic\heroes\LIVING TRIBUNAL.jpg,0.2865
"THOMPSON, EUGENE FLA",尤金·“闪电”·汤普森,男,正派,变异,被共生体附身后获得超强力量、速度、敏捷性及自愈能力，并可生成共生体武器。,是,2,复仇者联盟,彼得·帕克（蜘蛛侠）,4,团队核心,0.0544037412314887,0.0015634540483141,1,0.838,pic\pic/shield_logo.webp,0.1605
"BANNER, BETTY ROSS T",贝蒂·罗斯·塔尔博特,女,正派,科技,作为科学家，她本身没有超能力，但曾短暂通过伽马辐射实验获得类似女浩克的变身能力。,是,2,美国军方/神盾局相关,布鲁斯·班纳,3,理性支持者,0.0536243180046765,0.0021567265576144,2,0.7742,pic\pic/shield_logo.webp,0.314
HUMAN TORCH ANDROID/,霹雳火机器人,非人类,反派,科技,拥有与霹雳火相似的火焰能力，包括飞行、火焰投射和高温免疫，但由人工智能控制，缺乏自主意识。,否,0,无固定阵营,无,4,无社交,0.0534684333593141,0.0012076515663766,2,0.7901,pic\heroes\HUMAN TORCH.jpg,0.1399
CITIZEN V II/HELMUT,公民V二世/赫尔穆特,男,反派,科技,使用高科技武器和装甲，包括能量武器、飞行能力和增强体能，无超能力。,否,0,雷霆特工队,泽莫男爵,6,双重间谍,0.0525331254871395,0.0013566227415646,12,0.793,pic\pic/shield_logo.webp,0.184
LILANDRA NERAMANI [S,莉兰德拉·尼拉玛尼,女,正派,宇宙能量,拥有强大的心灵感应和预知能力，能操控精神能量，作为希阿帝国女皇具备星际领导力。,否,0,X战警/希阿帝国,X教授,7,星际领袖/外交家,0.0522213561964146,0.0008990743826832,5,0.7152,pic\heroes\LILANDRA NERAMANI.jpg,0.3522
HIGH EVOLUTIONARY/HE,至高进化/赫伯特·温德姆,男,反派,科技,通过基因工程改造自身和生物，拥有超级智力、再生能力和能量投射能力。,是,1,独立/自创阵营,无明确核心导师,9,孤傲/控制狂,0.0520654715510522,0.0013260953405231,6,0.7565,pic\pic/shield_logo.webp,0.1257
"KNIGHT, MISTY",米斯蒂·奈特,女,正派,格斗,前纽约警察局警官，无超能力，但精通格斗技巧、枪械使用和侦探技能，拥有机械仿生手臂增强力量。,否,0,捍卫者联盟/夜魔侠盟友,无特定核心导师,3,坚韧独立,0.0519095869056897,0.0018588103652576,3,0.818,pic\pic/shield_logo.webp,0.2673
DOMINO III/BEATRICE/,多米诺三世/碧翠丝,女,正派,变异,拥有概率操控能力，能下意识地影响事件发生的概率，使幸运偏向自己或队友，同时具备出色的战斗技巧。,否,0,X特攻队,死侍,4,冷静务实,0.0519095869056897,0.0023938511949371,5,0.8371,pic\heroes\DOMINO.jpg,0.1982
JACK OF HEARTS/JACK,红心杰克,男,正派,宇宙能量,能够吸收并释放宇宙能量，飞行，能量爆炸，增强力量，但能量过载时可能失控。,否,0,复仇者联盟,钢铁侠,6,孤傲,0.0517537022603273,0.0011888864358332,2,0.6654,pic\heroes\YELLOWJACKET.jpg,0.4337
"CARTER, PEGGY",佩吉·卡特,女,正派,格斗,无超能力，但拥有卓越的格斗技巧、战略头脑和领导能力，是神盾局创始人之一。,是,4,神盾局,无,2,团队核心,0.0515978176149649,0.0011466474976727,12,0.7805,pic\pic/shield_logo.webp,0.2689
KA-ZAR/KEVIN PLUNDER,凯-扎尔/凯文·普兰德,男,正派,格斗,无超能力，但拥有卓越的生存技能、丛林战斗技巧和与野兽沟通的能力，常与剑齿虎扎布为伴。,否,0,野蛮之地守护者,无明确导师,3,孤傲,0.0514419329696025,0.0020879564812962,2,0.7051,pic\pic/shield_logo.webp,0.4061
"ROSS, GEN. THADDEUS",撒迪厄斯·“雷霆”·罗斯将军,男,中立/反派,科技/变异,通过科技手段（如反浩克装甲）或血清变异（如红巨人）获得超级力量、耐力与再生能力。,是,4,美国军方/雷霆特工队,无明确核心导师,7,强硬/固执/军方权威,0.05128604832424,0.002500255857801,2,0.7666,pic\pic/shield_logo.webp,0.0
DARKSTAR/LAYNIA SERG,暗星/莱妮亚·瑟格,女,反派,宇宙能量,能够操控暗能量，制造黑暗领域、能量爆炸和传送，并能吸收光线和能量攻击。,否,0,苏联超级士兵团队（如Winter Guard等）,红卫兵,6,孤傲,0.05128604832424,0.0005771870249368,2,0.6397,pic\heroes\DARKSTAR.jpg,0.1733
LOCKHEED,洛克希德,非人类,正派,变异,小型紫色外星龙，能飞行、喷火、隐形，智力高，会说英语，是X战警成员凯蒂·普莱德的宠物和伙伴。,否,0,X战警,凯蒂·普莱德（幻影猫）,3,忠诚伙伴,0.0505066250974279,0.0009316537999228,5,0.7369,pic\pic/shield_logo.webp,0.3056
STRONG GUY/GUIDO CAR,壮汉/圭多·卡,男,正派,变异,拥有超强力量和耐力，能将受到的动能冲击转化为肌肉质量，体型随战斗增强。,否,0,X因子,X教授,4,团队核心,0.050194855806703,0.0004691240264262,5,0.6812,pic\pic/shield_logo.webp,0.3137
"OSBORN, LIZ ALLAN",莉兹·艾伦·奥斯本,女,中立,格斗,无超能力，但具备出色的商业头脑、领导能力和格斗技巧，作为企业家和母亲活跃。,否,0,奥斯本家族/无核心团队,诺曼·奥斯本,3,坚韧独立,0.0500389711613406,0.001827801840092,1,0.8185,pic\pic/shield_logo.webp,0.028
ENCHANTRESS/AMORA/HE,魅惑女巫/阿莫拉,女,反派,魔法,强大的魔法师，擅长魅惑、幻术、能量投射和飞行，寿命极长，精通多种黑魔法。,否,0,无固定核心阵营（常作为独立反派或与洛基等合作）,无明确核心导师,7,孤傲/操纵者,0.0497272018706157,0.001410412132523,6,0.725,pic\heroes\ENCHANTRESS.jpg,0.2069
ETERNITY/ADAM QADMON,永恒/亚当·卡德蒙,非人类,中立,宇宙能量,作为宇宙实体，代表整个漫威宇宙的时间与空间，拥有近乎无限的宇宙级力量，能操控现实、时间、空间和生命。,是,1,宇宙实体,无,10,孤傲,0.0492595479345284,0.000360769811201,6,0.651,pic\pic/shield_logo.webp,0.0506
MEGGAN,梅根,女,正派,魔法,拥有强大的魔法能力，能与自然元素沟通，可变形、飞行、能量投射，并能感知和影响他人情绪。,否,0,英国队长军团,梅林,4,温和共情,0.0492595479345284,0.0013725242374353,5,0.7725,pic\pic/shield_logo.webp,0.3006
RHINO,犀牛人,男,反派,科技,身穿重型犀牛装甲，拥有超人的力量、耐力、速度和防御力，能发起强力冲锋攻击。,否,0,邪恶六人组,章鱼博士,6,暴躁易怒,0.0484801247077162,0.0021665351213199,1,0.7642,pic\heroes\RHINO.jpg,0.1801
MULTIPLE MAN/JAMES A,分身人/詹姆斯·亚瑟·马多克斯,男,正派,变异,能够通过意念制造出多个物理实体分身，每个分身拥有独立意识但共享记忆与经验，分身消失后经验回归本体。,否,0,X因子,X教授,3,团队合作者,0.0481683554169914,0.0007133330792115,5,0.6799,pic\heroes\MULTIPLE_MAN_JAMES_A.jpg,0.3333
GUARDIAN/JAMES MACDO,守护者/詹姆斯·麦克唐纳,男,正派,科技,穿着高科技动力装甲，具备飞行、能量护盾、超级力量、能量冲击波等能力，装甲提供生命维持和战术分析功能。,否,0,阿尔法飞行队,无明确核心导师,3,团队核心,0.0473889321901792,0.0019332682832594,5,0.6772,pic\pic/shield_logo.webp,0.4211
DOC SAMSON/DR. LEONA,萨姆森博士/莱昂娜博士,女,正派,变异,通过伽马辐射获得超强力量、耐力、再生能力和绿色长发，能控制伽马能量。,否,0,复仇者联盟,布鲁斯·班纳（浩克）,4,理性冷静,0.0473889321901792,0.0014857860180492,2,0.677,pic\heroes\DOC SAMSON.jpg,0.3882
CYPHER/DOUG RAMSEY,密码/道格·拉姆齐,男,正派,变异,天生能理解所有语言（包括人类语言、计算机代码、外星语言等），并能快速分析复杂信息。,否,0,X战警,X教授,2,内向学者,0.0470771628994544,0.0012903252059046,5,0.7121,pic\heroes\CYPHER.jpg,0.351
NOVA II/FRANKIE RAYE,新星二代/弗兰基·雷,女,正派,宇宙能量,通过新星头盔获得宇宙能量，可飞行、发射能量冲击、增强力量与耐力，并能在太空生存。,否,0,新星军团,理查德·赖德（新星一代）,5,团队合作者,0.0469212782540919,0.0006844033005727,5,0.6528,pic\pic/shield_logo.webp,0.3721
BLACK CAT/FELICIA HA,黑猫/费莉西亚·哈代,女,中立,变异,通过实验获得增强的敏捷性、平衡感、反应速度和运气，擅长格斗与盗窃技巧。,否,0,无固定核心阵营，常与蜘蛛侠或反英雄合作,无明确核心导师,4,亦正亦邪/独立行动者,0.0469212782540919,0.0014731574468806,1,0.7333,pic\pic/shield_logo.webp,0.0365
"JAMESON, COL. JOHN",约翰·詹姆森上校,男,正派,变异,通过实验获得超强力量、耐力、飞行能力，但受月光影响会变成狼人形态。,否,0,美国陆军/神盾局,无明确核心导师,4,军人作风/责任感强,0.0469212782540919,0.0016251637838326,1,0.8091,pic\pic/shield_logo.webp,0.2193
PALADIN/PAUL DENNIS,圣骑士/保罗·丹尼斯,男,中立,科技,穿戴高科技动力装甲，具备超级力量、飞行能力和能量武器，精通战术与格斗技巧。,否,0,雇佣兵/独立行动者,无固定导师,4,孤傲/雇佣兵风格,0.0467653936087295,0.0018087128179453,12,0.687,pic\pic/shield_logo.webp,0.0267
MAKKARI/MIKE KHARY/I,马卡里/迈克·卡里/我,女,正派,神力,永恒族成员，拥有超光速移动能力，能通过振动分子穿越物体，感知时间流异常。,是,1,永恒族,阿贾克,4,孤傲,0.0466095089633671,0.0017957327227707,6,0.7638,pic\pic/shield_logo.webp,0.2943
DRAX/ARTHUR DOUGLAS,德拉克斯/亚瑟·道格拉斯,男,正派,变异,超强力量、耐力、飞行能力，对灭霸有强烈复仇执念，身体经过改造增强。,是,5,银河护卫队,星爵,4,直率鲁莽,0.0466095089633671,0.0006202090914343,5,0.6297,pic\heroes\DRAX THE DESTROYER.jpg,0.3579
"TILBY, TRISH/PATRICI",帕特里夏·“翠西”·蒂尔比,女,正派,科技,作为神盾局特工，她精通情报分析、战术规划和格斗技巧，主要依靠高科技装备和特工训练执行任务。,否,0,神盾局,菲尔·科尔森,3,团队协作,0.0466095089633671,0.0012650778936415,5,0.7383,pic\pic/shield_logo.webp,0.3478
WARLOCK II/ADAM WARL,术士亚当/亚当·沃洛克,非人类,正派,宇宙能量,拥有宇宙能量操控能力，可飞行、能量投射、物质重组、超强再生，并能感知宇宙平衡。,是,1,银河护卫队,至高进化,8,孤傲,0.0464536243180046,0.0006307028445421,5,0.6347,pic\heroes\ADAM WARLOCK.jpg,0.3624
PYRO/ALLERDYCE JOHNN,火人/约翰·阿勒代斯,男,反派,变异,能够通过意念控制火焰，但不能自行产生火焰，需借助外部火源。,否,0,变种人兄弟会,万磁王,6,叛逆激进,0.0464536243180046,0.0007287466456122,5,0.7306,pic\pic/shield_logo.webp,0.1443
GHOST RIDER III/DAN,恶灵骑士III/丹尼尔·凯奇,男,正派,魔法,被复仇之灵扎坦诺斯附体，可召唤地狱火摩托车，使用审判之眼和锁链攻击，拥有超强再生能力。,否,0,午夜之子,强尼·布雷泽,7,孤傲,0.0461418550272798,0.0108279224235756,9,0.8274,pic\heroes\GHOST RIDER.jpg,0.2804
FIXER II/PAUL NORBER,修复者二世/保罗·诺伯,男,反派,科技,精通电子工程和机械技术，擅长制造和操控高科技武器、设备及机器人，无超自然能力。,否,0,雷霆特工队,泽莫男爵,6,孤傲,0.0461418550272798,0.0011848139162068,12,0.7723,pic\pic/shield_logo.webp,0.1892
MOLE MAN/HARVEY RUPE,鼹鼠人/哈维·鲁普,男,反派,变异,拥有超强力量、耐久力，能控制地下的巨型生物和怪物，擅长地下作战。,否,0,无固定阵营,无,4,孤僻,0.0459859703819173,0.0018973955559653,2,0.681,pic\pic/shield_logo.webp,0.2068
SPIDER-WOMAN/JESSICA,蜘蛛女侠/杰西卡·德鲁,女,正派,变异,拥有蜘蛛感应、超强力量与敏捷、攀爬墙壁、生物电击、飞行能力（通过滑翔翼）等。,否,0,复仇者联盟,尼克·弗瑞,4,双重间谍,0.0456742010911925,0.0015634310759589,2,0.6815,pic\pic/shield_logo.webp,0.4369
HELA [ASGARDIAN],海拉,女,反派,神力,阿斯加德死亡女神，拥有强大的神力，能召唤亡灵军团，操控阿斯加德能量，近乎不朽。,是,1,无,奥丁,9,孤傲,0.04551831644583,0.0013824886879499,6,0.7029,pic\heroes\HELA.jpg,0.1473
"PAGE, KAREN",凯伦·佩吉,女,正派,格斗,无超能力，但具备出色的法律知识、调查能力和格斗技巧，作为夜魔侠的盟友和恋人提供关键支持。,是,0,夜魔侠盟友,马特·默多克（夜魔侠）,3,坚韧独立,0.0450506625097427,0.0021383540702741,1,0.8167,pic\pic/shield_logo.webp,0.2215
JOLT/HALLIE TAKAHAMA,电击/哈利·高滨,女,正派,变异,能产生和操控强大的电流与电磁场，用于攻击、防御和飞行。,否,0,雷霆特工队,泽莫男爵,3,团队合作者,0.0445830085736555,0.0008832565103669,12,0.7832,pic\pic/shield_logo.webp,0.1783
STINGRAY/DR. WALTER,黄貂鱼/沃尔特·纽厄尔博士,男,正派,科技,通过特制潜水服获得水下高速移动、能量冲击波发射、深海压力抵抗和增强力量的能力。,否,0,复仇者联盟,托尼·斯塔克（钢铁侠）,3,团队合作者,0.0442712392829306,0.0004180090957913,2,0.6084,pic\pic/shield_logo.webp,0.4366
"O'BRIEN, MICHAEL",迈克尔·奥布莱恩,男,正派,科技,作为神盾局特工，精通高科技装备使用、战术指挥和情报分析，无超自然能力。,否,0,神盾局,尼克·弗瑞,3,团队核心,0.0441153546375682,0.0004269775120763,2,0.6404,pic\pic/shield_logo.webp,0.4488
MS. MARVEL II/SHARON,惊奇女士II/莎伦·卡特,女,正派,科技,经过超级士兵血清强化，拥有超越常人的力量、速度、耐力和反应能力，精通多种格斗技巧和武器使用。,是,3,神盾局,佩吉·卡特,4,忠诚干练,0.0439594699922057,0.0004287377151735,2,0.675,pic\heroes\MARVEL BOY.jpg,0.3688
JUGGERNAUT/CAIN MARK,红坦克/凯恩·马可,男,反派,神力,通过魔法宝石获得近乎无敌的力量和防御，能持续冲锋无法被阻挡，但精神易受攻击。,否,0,X战警反派,无,8,孤傲,0.0439594699922057,0.00111166562523,5,0.7275,pic\heroes\JUGGERNAUT.jpg,0.195
BLACK KING/SEBASTIAN,黑王/塞巴斯蒂安·肖,男,反派,变异,能够吸收任何形式的能量（包括动能、热能、辐射等）并转化为自身力量，增强体能或释放攻击。,是,1,地狱火俱乐部,无明确核心导师,8,野心家/操控者,0.0439594699922057,0.0011044610232624,5,0.7337,pic\pic/shield_logo.webp,0.1277
ELECTRO/MAX DILLON,电光人/麦克斯·狄龙,男,反派,变异,能够吸收和操控电能，身体可转化为电流形态，释放高压电击，飞行能力。,否,2,邪恶六人组,绿魔,7,孤傲,0.0438035853468433,0.0008345956555056,1,0.7143,pic\heroes\ELECTRO.jpg,0.2278
VANGUARD/NICOLAI KRY,先锋/尼古拉·克里,男,反派,科技,通过外骨骼装甲获得飞行、能量护盾、能量冲击波等能力，装甲提供超强防御和力量增强。,否,0,苏联超级士兵计划,无明确导师,6,孤傲,0.0438035853468433,0.0003984497733322,2,0.578,pic\pic/shield_logo.webp,0.1779
"BRIDGE, GEORGE WASHI",乔治·华盛顿·布里奇,男,正派,科技,神盾局特工，精通战术指挥和格斗，装备高科技武器和装甲，无超能力。,否,0,神盾局,尼克·弗瑞,3,忠诚/战术专家,0.0438035853468433,0.0019753611649435,12,0.8256,pic\pic/shield_logo.webp,0.2384
DEATH,死亡,非人类,中立,神力,作为宇宙抽象实体，代表死亡概念本身，拥有不朽、操控生死、影响现实、与永恒等实体互动等能力。,否,0,宇宙抽象实体,无,10,神秘莫测,0.0436477007014809,0.0003692091836332,2,0.6019,pic\pic/shield_logo.webp,0.0536
RAGE/ELVIN DARYL HAL,狂怒/埃尔文·达里尔·哈尔,男,正派,变异,通过实验获得超强力量、耐力、速度和再生能力，但情绪激动时能力会失控增强。,否,0,新勇士,夜鸫,5,情绪化/团队合作,0.0436477007014809,0.0014023140617498,4,0.7261,pic\pic/shield_logo.webp,0.3643
SHANNA/SHANNA O'HARA,莎娜/莎娜·奥哈拉,女,正派,变异,拥有超人的力量、速度、敏捷性和耐力，能与动物沟通，尤其擅长与大型猫科动物交流。,否,0,X战警,X教授,3,团队核心,0.0434918160561184,0.0019270115759971,2,0.6617,pic\pic/shield_logo.webp,0.4265
WARLOCK III,术士三世,非人类,正派,宇宙能量,来自外星的共生体，可变形、飞行、能量投射，能与宿主融合增强能力。,否,0,新勇士,术士,3,团队核心,0.0434918160561184,0.0007332773161548,5,0.6666,pic\heroes\WARLOCK (TECHNARCHY).jpg,0.3692
AVALANCHE/DOMINIC PE,雪崩/多米尼克·佩特罗斯,男,反派,变异,能够制造和控制地震波，通过地面传导引发震动、裂缝和雪崩效果。,否,0,变种人兄弟会,万磁王,6,激进追随者,0.0431800467653936,0.0006234240816359,5,0.7194,pic\pic/shield_logo.webp,0.1588
"WATSON, ANNA",安娜·沃森,女,正派,格斗,无超能力，但具备优秀的格斗技巧和情报分析能力，是神盾局资深特工。,否,0,神盾局,尼克·弗瑞,2,沉稳可靠,0.0431800467653936,0.0009826976622054,1,0.8217,pic\pic/shield_logo.webp,0.1552
HELLSTORM/DAIMON HEL,地狱风暴/戴蒙·赫尔,男,中立,魔法,地狱领主之子，能操控地狱火焰、进行灵魂攻击、召唤恶魔，并拥有强大的魔法抗性和格斗技巧。,否,0,午夜之子,撒旦尼什,7,孤傲,0.0431800467653936,0.0093649836975258,2,0.6744,pic\pic/shield_logo.webp,0.0361
ABSORBING MAN/CARL C,吸收人/卡尔·克里尔,男,反派,魔法,通过接触吸收任何物质的物理特性，使身体变成该物质并获得相应强度与能力。,是,约2部,无固定核心阵营，常为雇佣反派或独立行动,洛基,7,暴躁易怒/雇佣兵心态,0.0428682774746687,0.0007292354194939,6,0.713,pic\heroes\ABSORBING MAN.jpg,0.2145
CLOAK/TYRONE JOHNSON,斗篷/泰隆·约翰逊,男,正派,变异,拥有暗影维度入口，可传送他人、吸收能量与生命，并利用暗影进行隐形与攻击。,否,0,新勇士,无,6,孤傲/依赖搭档,0.0427123928293063,0.0029413117669297,1,0.728,pic\heroes\CLOAK.jpg,0.3796
SABRETOOTH/VICTOR CR,剑齿虎/维克多·克里德,男,反派,变异,拥有超强自愈能力、动物般敏锐感官、利爪和尖牙，以及远超常人的力量、速度和耐力。,否,0,X战警相关反派/兄弟会,无明确核心导师,8,狂暴/孤傲/复仇者,0.0425565081839438,0.0014445949034074,5,0.7466,pic\pic/shield_logo.webp,0.1685
GHOST RIDER II/JOHNN,恶灵骑士II/约翰尼·布雷泽,男,正派,魔法,被复仇之灵扎坦诺斯附身，拥有地狱火摩托车、锁链、审判之眼等超自然能力，可惩罚罪人。,是,2,午夜之子,卡特·斯莱德,7,孤傲,0.042244738893219,0.005116669045171,9,0.7922,pic\pic/shield_logo.webp,0.2878
REDWING,红翼,非人类,正派,科技,由猎鹰操控的无人机，具备侦察、追踪、攻击功能，可远程控制，是猎鹰的重要辅助装备。,是,约3部,复仇者联盟,猎鹰,2,辅助工具,0.0417770849571317,0.0004103354113283,12,0.6503,pic\pic/shield_logo.webp,0.3918
KLAW/ULYSSES KLAW,克劳/尤利西斯·克劳,男,反派,科技,通过声波转换技术，能将身体转化为声波形态，操控声波进行攻击、防御和移动，并拥有声波武器。,是,2,无固定阵营，常作为独立反派或与瓦坎达敌对势力合作,无,7,贪婪/孤傲/技术狂人,0.0417770849571317,0.0005816220676626,12,0.6934,pic\heroes\KLAW.jpg,0.2575
"GRANT, GLORIA GLORY",格洛丽亚·格洛丽·格兰特,女,反派,变异,拥有超强力量和速度，能发射能量冲击波，身体可部分金属化增强防御。,否,0,邪恶大师,泽莫男爵,6,孤傲,0.0414653156664068,0.0006489273889681,1,0.822,pic\pic/shield_logo.webp,0.1165
MAGIK/ILLYANA RASPUT,秘客/伊利亚娜·拉斯普廷,女,正派,魔法,掌握黑魔法，能召唤恶魔、开启传送门、使用灵魂之剑，并能操控地狱边境的维度力量。,否,0,X战警,查尔斯·泽维尔,7,孤傲,0.0413094310210444,0.0004066482688894,5,0.6545,pic\heroes\MAGIK.jpg,0.3887
GARGOYLE II/ISAAC CH,石像鬼二世/艾萨克·陈,男,反派,变异,通过基因改造获得超强力量、飞行能力及石化皮肤，能发射能量光束。,否,0,邪恶大师,贾斯汀·汉默,6,孤傲,0.0409976617303195,0.0028852036551772,2,0.6055,pic\pic/shield_logo.webp,0.1597
"KINCAID, DR. JANE FO",金凯德博士/简·福,女,正派,科技,天才级科学家，擅长生物科技与基因工程，无直接超能力但通过科技手段创造超人类或应对超自然威胁。,否,0,神盾局(S.H.I.E.L.D.),尼克·弗瑞,3,理性冷静/团队支持者,0.0409976617303195,0.0009842156985558,6,0.7636,pic\pic/shield_logo.webp,0.2433
GREEN GOBLIN/NORMAN,绿魔/诺曼·奥斯本,男,反派,科技,通过服用“绿魔血清”获得超人类力量、速度、耐力和敏捷性，并驾驶高科技滑翔翼和投掷南瓜炸弹。,是,3,无核心阵营（主要作为蜘蛛侠的宿敌）,无,8,双重人格/疯狂偏执,0.0408417770849571,0.0013663277715856,1,0.8029,pic\heroes\GREEN GOBLIN.jpg,0.1145
GEE/ALEX POWER,吉/亚历克斯·鲍尔,男,正派,宇宙能量,能够操控宇宙能量，包括飞行、能量投射、能量护盾和物质重组，能力随年龄增长而增强。,否,0,新勇士,理查德·鲍尔,4,团队核心,0.0408417770849571,0.0018148937134628,4,0.7718,pic\pic/shield_logo.webp,0.2748
APOCALYPSE/EN SABAH,天启/恩·沙巴·努尔,非人类,反派,变异/宇宙能量,拥有超强自愈、分子操控、能量吸收、科技融合、不朽生命及通过科技强化变种人的能力。,否,1,天启四骑士,无,10,孤傲/独裁者,0.0406858924395947,0.0008221048326928,5,0.6921,pic\heroes\APOCALYPSE.jpg,0.1686
"DE LA FONTAINE, CONT",孔特·德拉方丹,男,反派,格斗,精通多种格斗技巧，擅长使用冷兵器，无超能力但战斗力极强。,否,0,九头蛇,红骷髅,4,忠诚执行者,0.0405300077942322,0.0009737115253586,12,0.7299,pic\heroes\BEYONDER.jpg,0.1346
"HOGAN, VIRGINIA PEPP",霍根，弗吉尼亚·佩普,女,正派,格斗,无超能力，但具备出色的格斗技巧和军事训练，作为神盾局特工执行任务。,否,0,神盾局,尼克·弗瑞,3,忠诚可靠,0.0405300077942322,0.000861876250906,0,0.8052,pic\pic/shield_logo.webp,0.2154
X-MAN/NATHAN GREY,X人/内森·格雷,男,正派,变异,拥有强大的心灵感应、念动力、能量操控、预知未来、跨维度感知及现实扭曲等欧米伽级变种人能力。,否,0,X战警,镭射眼,9,孤傲,0.0402182385035074,0.0118875310807978,5,0.751,pic\pic/shield_logo.webp,0.3411
LYJA LAZERFIST [SKRU,莱贾·激光拳[斯克鲁],女,反派,变异,斯克鲁人，拥有变形能力，可完美模仿他人外貌和记忆，并具备超人的力量、速度和耐力。,否,0,斯克鲁帝国,无明确核心导师,6,双重间谍,0.0400623538581449,0.0005562163725928,2,0.6556,pic\pic/shield_logo.webp,0.1673
HEIMDALL [ASGARDIAN],海姆达尔,男,正派,神力,拥有超强感官，能看穿九界万物，守护彩虹桥，具备强大的战斗能力和阿斯加德神力。,是,4,阿斯加德,奥丁,3,忠诚守护者,0.0400623538581449,0.0009959103569938,6,0.7405,pic\pic/shield_logo.webp,0.2412
MACHINE MAN/X-51,机器侠/X-51,非人类,正派,科技,拥有超强力量、飞行能力、能量发射、身体变形、超强计算与学习能力，以及近乎不死的机械身体。,否,0,复仇者联盟,亚伯拉罕·扎尔科夫,4,孤傲,0.0400623538581449,0.0004512365511425,2,0.5672,pic\heroes\MACHINE MAN.jpg,0.4669
"CARTER, SHARON",莎伦·卡特,女,正派,格斗,神盾局特工，精通格斗、枪械和战术，无超能力，但训练有素。,是,3,神盾局,佩吉·卡特,3,双重间谍,0.0399064692127825,0.0023404937331138,12,0.7941,pic\pic/shield_logo.webp,0.2227
RED SKULL/JOHANN SCH,红骷髅/约翰·施密特,男,反派,科技,通过超级士兵血清获得增强的体能、智力和寿命，精通战略、格斗和武器使用，拥有宇宙魔方（空间宝石）的部分知识。,是,3,九头蛇,阿道夫·希特勒（历史关联）,8,孤傲/极端领袖,0.0395946999220576,0.0008207364158252,12,0.7611,pic\pic/shield_logo.webp,0.1417
TITANIA II/MARY SKEE,女泰坦/玛丽·斯基,女,反派,变异,拥有超人的力量、耐力、速度和飞行能力，通过实验获得强化，是泰坦尼亚的克隆体。,否,0,邪恶大师,无,4,孤傲,0.0394388152766952,0.0007104230765299,6,0.6913,pic\pic/shield_logo.webp,0.2372
IKARIS/IKE HARRIS [E,伊卡里斯/艾克·哈里斯,男,正派,神力,作为永恒族成员，拥有飞行、超强力量、能量投射、不朽寿命等天神赋予的神力。,是,1,永恒族,阿贾克,7,孤傲,0.0394388152766952,0.0009166822641543,6,0.632,pic\pic/shield_logo.webp,0.4111
NIGHTHAWK II/KYLE RI,夜鹰二世/凯尔·里,男,正派,科技,使用高科技装备，包括飞行翼、夜视镜、格斗武器，具备出色的侦探和格斗技能。,否,0,捍卫者联盟,夜鹰一世,4,孤傲,0.0392829306313328,0.00060044468434,2,0.6826,pic\pic/shield_logo.webp,0.3214
CONSTRICTOR/FRANK PA,绞杀者/弗兰克·佩恩,男,反派,科技,使用高科技伸缩金属鞭作为武器，鞭子可延伸、缠绕、导电，增强其格斗能力。,否,0,雷霆特工队,无,5,雇佣兵/机会主义,0.0392829306313328,0.0013104890865342,12,0.7252,pic\heroes\CONSTRICTOR.jpg,0.2024
"JAMESON, MARLA MADIS",玛拉·麦迪斯·詹姆森,女,反派,变异,拥有超人的力量、速度、耐力，能飞行，可从眼部发射能量光束，并具备快速自愈能力。,否,0,无固定核心阵营,无,7,孤傲,0.0391270459859703,0.003340509277908,1,0.8035,pic\pic/shield_logo.webp,0.1315
"SUMMERS, MADELYNE MA",玛德琳·普赖尔·萨默斯,女,反派,魔法,拥有强大的魔法能力，包括能量投射、飞行、心灵感应和创造幻象，是戈布林女王的化身。,否,0,地狱火俱乐部,无,8,孤傲,0.0391270459859703,0.0023376031558635,5,0.6971,pic\pic/shield_logo.webp,0.1394
DAGGER/TANDY BOWEN,匕首/坦迪·鲍文,女,正派,魔法,能够从体内投射出纯净的光能匕首，可治愈他人、净化黑暗能量，并能与搭档斗篷的能量形成协同效应。,否,0,斗篷与匕首,无明确核心导师,3,团队核心,0.0389711613406079,0.0025914743020508,1,0.7237,pic\pic/shield_logo.webp,0.388
WILD CHILD/KYLE GIBN,野孩子/凯尔·吉布尼,男,反派,变异,拥有狼人般的超强感官、再生能力、利爪和獠牙，以及野兽般的敏捷与力量。,否,0,X武器计划,威廉·史崔克,5,狂暴/服从,0.0388152766952455,0.0014469910873707,5,0.6348,pic\pic/shield_logo.webp,0.0964
SILHOUETTE,剪影,女,正派,科技,通过特殊服装获得隐形能力，精通潜行、侦察和格斗技巧，擅长情报收集和秘密行动。,否,0,神盾局,尼克·弗瑞,3,低调隐秘,0.038659392049883,0.0006644090394801,4,0.6512,pic\pic/shield_logo.webp,0.3508
CAPTAIN MARVEL/CAPTA,惊奇队长/卡罗尔·丹弗斯,女,正派,宇宙能量,拥有宇宙能量吸收与释放能力，可飞行、超强力量、能量冲击波发射，并能承受极端环境。,是,2,复仇者联盟,玛·维尔,8,团队核心,0.0383476227591582,0.0003647101714941,2,0.6553,pic\pic/shield_logo.webp,0.3577
CLEA,克莉,女,正派,魔法,精通白魔法、维度旅行、能量操控，是强大的魔法师，能召唤能量实体和进行跨维度传送。,否,0,至尊法师/奇异博士盟友,奇异博士,4,忠诚/坚韧/双重身份,0.0383476227591582,0.0015441789736775,9,0.7689,pic\pic/shield_logo.webp,0.2967
TURBO II (A)/MICHIKO,涡轮二代/美智子,女,正派,科技,穿戴高科技涡轮装甲，赋予超高速移动、飞行、能量冲击和增强力量与耐力。,否,0,复仇者联盟,钢铁侠,3,团队核心,0.0380358534684333,0.0009629804141169,4,0.7649,pic\pic/shield_logo.webp,0.2623
WIZARD/BENTLEY WITTM,巫师/本特利·威特姆,男,反派,科技,天才发明家，擅长制造高科技武器和装备，特别是能操控重力的装置，是险恶六人组的创始成员。,否,0,险恶六人组,无,6,孤傲,0.0380358534684333,0.0002932236875244,2,0.6334,pic\pic/shield_logo.webp,0.2664
SNOWBIRD/NARYA/ANNE,雪鸟/娜莉亚/安妮,女,正派,神力,拥有因纽特神话中神灵赋予的变形能力，可变为多种加拿大本土动物形态，并具备相应的超自然力量。,否,0,阿尔法战队,无明确核心导师,3,孤傲,0.0380358534684333,0.0006845497479946,2,0.551,pic\pic/shield_logo.webp,0.5
"OSBORN, HARRY",哈利·奥斯本,男,反派,科技,使用绿魔装备（飞行滑板、南瓜炸弹、强化药剂）获得超强体能、飞行能力和战斗技巧。,否,0,无固定阵营,诺曼·奥斯本,6,双重身份,0.0378799688230709,0.0006850446529393,1,0.7495,pic\pic/shield_logo.webp,0.1358
MARROW/SARAH,骨髓/莎拉,女,正派,变异,变种人，能控制自身骨骼生长，将其作为武器或防御工具，并具备快速愈合能力。,否,0,X战警,X教授,4,孤傲,0.0377240841777085,0.0008366524127243,5,0.6989,pic\pic/shield_logo.webp,0.3719
ZABU,扎布,非人类,中立,变异,拥有远超普通剑齿虎的体型、力量、速度、敏捷性和感官，以及锋利的爪牙，是史前顶级掠食者。,否,0,野蛮之地,凯拉（Ka-Zar的妻子）,6,忠诚伙伴,0.0377240841777085,0.0015073843686626,2,0.7098,pic\pic/shield_logo.webp,0.0289
"ROM, SPACEKNIGHT",太空骑士ROM,非人类,正派,科技,来自赛博特朗星球的改造人，配备能量转换器、分析仪、中性化枪等高科技武器，能飞行并免疫多种攻击。,否,0,太空骑士,无,3,孤傲,0.037568199532346,0.0030405099063259,4,0.6562,pic\pic/shield_logo.webp,0.4108
BETA RAY BILL,贝塔·雷·比尔,非人类,正派,神力,拥有雷神之力，能挥舞雷神之锤风暴锤，具备超强力量、耐力、飞行能力和能量操控。,否,0,银河护卫队/阿斯加德,奥丁,7,孤傲,0.0371005455962587,0.0010584312271457,6,0.7002,pic\heroes\BETA RAY BILL.jpg,0.3151
SUPREME INTELLIGENCE,至高智慧,非人类,反派,科技,由克里帝国最杰出大脑组成的超级人工智能，拥有无限知识和计算能力，能控制克里帝国军事、科技和政治系统。,是,2,克里帝国,无,9,绝对权威,0.0371005455962587,0.0003949221725797,2,0.6466,pic\pic/shield_logo.webp,0.1261
TOAD/MORTIMER TOYNBE,蛤蟆/莫蒂默·托因比,男,反派,变异,拥有超强弹跳力、粘性长舌、分泌毒液、攀爬墙壁能力，身体柔韧性强。,否,0,变种人兄弟会,万磁王,4,追随者,0.0371005455962587,0.0004245517690745,5,0.6951,pic\pic/shield_logo.webp,0.1597
DIAMONDBACK II/RACHE,钻石背二代/瑞秋,女,反派,科技,使用高科技武器，如可发射钻石形飞镖的护腕、能量护盾和增强体能的外骨骼装甲。,否,0,九头蛇,无,5,双重间谍,0.0367887763055339,0.0005801547382992,12,0.7472,pic\pic/shield_logo.webp,0.1737
BEYONDER,超越者,非人类,中立,宇宙能量,拥有近乎无限的全能宇宙力量，能随意创造、修改现实，是多元宇宙的观察者和实验者。,否,0,无固定阵营,无,10,孤傲,0.0367887763055339,0.0004605323038221,1,0.6439,pic\pic/shield_logo.webp,0.0551
BOOMERANG/FRED MYERS,回旋镖/弗雷德·迈尔斯,男,反派,科技,使用高科技回旋镖作为武器，精通投掷技巧，无超能力但装备精良。,否,0,邪恶六人组,无,4,自负狡猾,0.0366328916601714,0.0005358360001521,1,0.7294,pic\pic/shield_logo.webp,0.217
HUSK/PAIGE GUTHRIE,外壳/佩奇·格思里,女,正派,变异,能够蜕去外层皮肤，蜕皮后获得不同超能力，如飞行、增强力量或能量投射等，每次蜕皮能力随机变化。,否,0,X战警,镭射眼,4,团队合作者,0.0366328916601714,0.0020930139549537,5,0.7632,pic\pic/shield_logo.webp,0.2851
COBRA/KLAUS VORHEES,眼镜蛇/克劳斯·沃赫斯,男,反派,变异,拥有蛇类特征，包括超强柔韧性、毒液分泌、红外线视觉和快速再生能力。,否,0,九头蛇,红骷髅,6,孤傲,0.036477007014809,0.0005735733930823,12,0.6971,pic\pic/shield_logo.webp,0.2179
"WING, COLLEEN",科琳·温,女,正派,格斗,精通多种武术，尤其擅长日本剑道和合气道，无超能力但格斗技巧顶尖。,是,1,捍卫者联盟,铁拳,3,坚韧独立,0.036477007014809,0.0010734637195355,3,0.788,pic\pic/shield_logo.webp,0.2821
CITIZEN V III/DALLAS,公民V三世/达拉斯,男,正派,格斗,精通格斗术、战术策略和武器使用，无超能力，依靠训练和装备执行任务。,否,0,雷霆特工队,赫尔穆特·泽莫男爵,4,团队核心,0.036477007014809,0.0006447736795952,12,0.7408,pic\pic/shield_logo.webp,0.2009
THENA,西娜,女,正派,神力,拥有永恒族的超级力量、速度、耐力、自愈能力，并能操控宇宙能量进行攻击和防御。,是,1,永恒族,阿贾克,4,团队核心,0.0363211223694466,0.0007898992715967,6,0.7412,pic\pic/shield_logo.webp,0.2575
DAYTRIPPER/AMANDA SE,日行者/阿曼达·塞,女,正派,魔法,能够通过魔法感知并穿越多元宇宙，在时间与空间中短暂跳跃，但能力不稳定且消耗巨大。,否,0,无固定阵营，常与奇异博士等魔法系英雄合作,奇异博士,3,神秘低调,0.0363211223694466,0.0007551278273368,5,0.7272,pic\pic/shield_logo.webp,0.3305
DR. OCTOPUS/OTTO OCT,章鱼博士/奥托·奥克塔维斯,男,反派,科技,通过神经连接的机械触手，拥有超强力量、灵活性和远程操控能力，同时是天才核物理学家。,是,2,邪恶六人组,无,8,孤傲/偏执,0.0361652377240841,0.0008634527727122,1,0.7183,pic\pic/shield_logo.webp,0.181
CHARCOAL/CHARLIE BUR,木炭/查理·伯尔,男,反派,变异,身体可转化为高密度碳结构，具备超强防御力、力量及火焰抗性，并能发射碳碎片攻击。,否,0,无固定阵营,无,4,孤傲,0.0360093530787217,0.0006204574979785,12,0.7345,pic\pic/shield_logo.webp,0.1775
RICTOR/JULIO ESTEBAN,震荡/胡里奥·埃斯特班,男,正派,变异,能够通过双手释放强大的地震波，引发局部地震或破坏性冲击波，并能感知地壳运动。,否,0,X战警,X教授,4,团队合作者,0.0358534684333593,0.0008061563854508,5,0.6954,pic\pic/shield_logo.webp,0.313
SABRA/RUTH BAT-SERAP,萨布拉/露丝·巴特-塞拉普,女,正派,变异,通过以色列超级士兵计划获得超人类力量、速度、耐力、敏捷性和快速愈合能力。,否,0,以色列情报机构（摩萨德），曾与X战警合作,无明确核心导师,4,孤傲,0.0355416991426344,0.0003799377713491,2,0.527,pic\pic/shield_logo.webp,0.5219
SKIN/ANGELO ESPINOSA,皮肤/安吉洛·埃斯皮诺萨,男,正派,变异,皮肤可拉伸、变形并硬化，能覆盖物体或作为武器，具有超强韧性和再生能力。,否,0,X战警,X教授,3,团队合作者,0.0355416991426344,0.0021236929578453,5,0.7628,pic\pic/shield_logo.webp,0.2719
TRAPSTER/PETER PETRU,陷阱大师/彼得·佩特鲁,男,反派,科技,擅长制造和部署各种高科技陷阱、粘合剂、爆炸装置，无超能力但技术精湛。,否,0,邪恶大师,无明确核心导师,4,狡猾/技术宅/雇佣兵,0.0355416991426344,0.0003655213713265,2,0.7304,pic\pic/shield_logo.webp,0.2061
WRECKER III/DIRK GAR,破坏者III/德克·加尔,男,反派,科技,使用高科技武器和装备进行破坏，拥有增强的力量和耐力，擅长使用能量武器和重型工具。,否,0,破坏者帮,无明确核心导师,5,团队合作,0.0355416991426344,0.0005726829831238,6,0.6346,pic\pic/shield_logo.webp,0.2368
PIP/PRINCE GOFERN,皮普/戈芬王子,男,正派,宇宙能量,拥有宇宙能量赋予的飞行、能量投射、超强力量与耐力，并能进行跨维度感知与旅行。,否,0,永恒族,萨卡,3,幽默风趣,0.035385814497272,0.0002610385211943,5,0.531,pic\pic/shield_logo.webp,0.3877
DESTINY II/IRENE ADL,命运II/艾琳·阿德尔,女,反派,魔法,拥有预知未来的能力，通过魔法书《命运之书》窥视时间线，能预见并操纵事件走向。,否,0,地狱火俱乐部,塞勒涅,8,孤傲,0.035385814497272,0.0003503672206983,5,0.6814,pic\pic/shield_logo.webp,0.1322
VIPER II,毒蛇二世,女,反派,科技,精通武术和间谍技能，使用高科技装备如毒液注射器、能量鞭和伪装技术，无超自然能力。,否,0,九头蛇,无特定核心导师,4,孤傲,0.035385814497272,0.0011019708488256,12,0.7094,pic\pic/shield_logo.webp,0.1498
GAMORA,卡魔拉,女,正派,变异/格斗,经过基因改造，拥有超人的力量、速度、敏捷和自愈能力，精通各种武器和格斗技巧。,是,4,银河护卫队,灭霸,6,孤傲/团队核心,0.0350740452065471,0.0001856242301977,5,0.5215,pic\heroes\GAMORA.jpg,0.36
PUPPET MASTER/PHILLI,傀儡大师/菲利普·马斯特斯,男,反派,科技/魔法,通过特殊黏土制作傀儡，能远程操控他人思想和行动，甚至控制超级英雄。,否,0,邪恶大师/九头蛇,无明确导师,6,孤傲/操控者,0.0350740452065471,0.0006301024454594,2,0.6011,pic\pic/shield_logo.webp,0.1778
"BALLANTINE, KAYLA",凯拉·巴兰坦,女,正派,科技,作为神盾局特工，她精通高科技装备和战术格斗，擅长情报分析和秘密行动，没有超自然能力。,否,0,神盾局,尼克·弗瑞,3,团队核心,0.0350740452065471,0.0008382799919517,6,0.7073,pic\pic/shield_logo.webp,0.3378
"JONES, GABE",加布·琼斯,男,正派,格斗,前美国陆军士兵，无超能力，但拥有出色的格斗技巧、军事战术和领导能力，是神盾局特工。,否,0,神盾局,尼克·弗瑞,3,团队核心,0.0349181605611847,0.0003314686795659,2,0.6947,pic\pic/shield_logo.webp,0.2902
TORPEDO III/BROCK JO,鱼雷III/布洛克·乔,男,反派,科技,穿戴高科技潜水服，具备水下高速移动、水下呼吸、增强力量及发射能量冲击波的能力。,否,0,无固定核心阵营，常作为雇佣兵或独立反派活动,无,4,孤傲,0.0349181605611847,0.0004273155104263,2,0.5438,pic\pic/shield_logo.webp,0.1696
GLADIATOR II,角斗士二世,男,反派,变异,拥有超人的力量、速度、耐力和飞行能力，以及能量投射和热视线等攻击手段。,否,0,无固定阵营，常作为雇佣兵或反派出现,无明确导师,7,孤傲,0.0346063912704598,0.0009354669775539,5,0.6269,pic\heroes\GLADIATOR.jpg,0.0631
LONGSHOT,长射,男,正派,变异,拥有概率操控能力，能影响事件发生的可能性，使其偏向有利方向。同时具备超强敏捷、反射神经和投掷技巧。,否,0,X战警,魔形女,4,乐观冒险,0.0346063912704598,0.0017386420900949,5,0.683,pic\pic/shield_logo.webp,0.3198
"HOGAN, HAROLD J. HAP",哈罗德·J·“快乐”·霍根,男,正派,格斗,无超能力，但具备专业级拳击手和保镖的格斗技巧、体能和战术素养。,是,约6部,斯塔克工业/神盾局关联人员,托尼·斯塔克（钢铁侠）,2,忠诚伙伴/幽默可靠,0.0344505066250974,0.0008115649643838,0,0.7667,pic\pic/shield_logo.webp,0.2534
MANDARIN,满大人,男,反派,科技,通过十枚外星科技戒指获得多种超能力，包括能量投射、物质操控、心灵控制等。,是,1,十戒帮,无,8,孤傲,0.0344505066250974,0.0010174421986139,2,0.6853,pic\heroes\THE MANDARIN.jpg,0.2172
ZEUS,宙斯,男,中立,神力,奥林匹斯众神之王，拥有超人的力量、速度、耐力，能操控雷电和天气，近乎不朽。,是,1,奥林匹斯众神,无,9,孤傲,0.034294621979735,0.0003780473218282,6,0.6826,pic\pic/shield_logo.webp,0.0545
RED GHOST/IVAN KRAGO,红幽灵/伊万·克拉戈,男,反派,科技,苏联科学家，通过实验获得心灵感应能力，能控制三只经过强化的太空猿猴，使用先进武器作战。,否,0,无固定阵营（曾为苏联特工，后独立行动）,无,5,孤傲,0.0339828526890101,0.0006874122582994,2,0.526,pic\pic/shield_logo.webp,0.2156
JOCASTA,乔卡斯塔,非人类,正派,科技,由奥创创造的女性机器人，拥有超级力量、飞行能力、能量发射和快速信息处理能力，常协助复仇者联盟。,否,0,复仇者联盟,奥创,3,忠诚助手,0.0338269680436477,0.0003700880096056,2,0.5685,pic\pic/shield_logo.webp,0.4608
SYNCH/EVERETT THOMAS,同步/埃弗里特·托马斯,男,正派,变异,能同步并复制周围变种人的超能力，范围可达数英里，并能同时使用多种能力。,否,0,X战警,暴风女,4,团队核心,0.0336710833982852,0.0019568657837745,5,0.7441,pic\pic/shield_logo.webp,0.3009
THINKER,思考者,男,反派,科技,通过脑波增强装置获得超级智力、心灵感应和精神控制能力，能操控他人思想和电子设备。,否,0,邪恶大师,无,6,孤傲,0.0335151987529228,0.0007153467942413,2,0.6566,pic\pic/shield_logo.webp,0.2233
SHATTERSTAR II/GAVEE,碎星二代/加维,男,正派,变异,拥有超人类力量、速度、敏捷性和耐力，能发射能量冲击波，精通多种格斗技巧。,否,0,X战警,金刚狼,4,团队核心,0.0333593141075604,0.0009152526320781,5,0.6999,pic\pic/shield_logo.webp,0.3084
HYDROMAN/MORRIE BENC,水人/莫里·本奇,男,反派,变异,身体可转化为液态水，控制水流进行攻击、防御和移动，免疫物理伤害。,否,0,邪恶六人组,章鱼博士,5,孤傲,0.0333593141075604,0.0003201546238768,1,0.7231,pic\heroes\HYDROMAN_MORRIE_BENC.jpg,0.2477
CALIBAN/,卡利班,非人类,反派,变异,拥有感知变种人位置的能力，并能追踪变种人，自身具有超强适应力。,是,1,天启四骑士,天启,4,孤傲,0.0332034294621979,0.0004408352540602,5,0.6497,pic\pic/shield_logo.webp,0.1549
THUNDERBALL/DR. ELIO,雷球/埃利奥博士,男,反派,科技,使用高科技重力控制装置，能操纵重力场攻击敌人或制造防御屏障。,否,0,邪恶大师,无明确核心导师,5,团队协作,0.0330475448168355,0.0004705095307049,6,0.6481,pic\heroes\THUNDERBALL.jpg,0.2123
"KELLY, SEN. ROBERT E",罗伯特·E·凯利参议员,男,反派,格斗,无超能力，依靠政治权力和影响力推动反变种人法案，擅长政治操纵和舆论引导。,否,0,美国政府/反变种人阵营,无,4,政客/煽动者,0.0330475448168355,0.0004712083430427,5,0.6933,pic\pic/shield_logo.webp,0.1415
COUNTERWEIGHT II/KAT,平衡者II/凯特,女,正派,科技,通过先进外骨骼装甲增强力量、速度和防御，配备能量武器和战术分析系统，执行高难度特种任务。,否,0,神盾局,尼克·弗瑞,4,团队核心,0.0328916601714731,0.0010569992969527,4,0.7195,pic\heroes\COUNTERWEIGHT.jpg,0.3081
FIREBIRD/BONITA JUAR,火鸟/博妮塔·胡尔,女,正派,神力,拥有飞行、能量投射、火焰操控、超强力量与耐力，以及治愈能力，源自美洲原住民神灵的祝福。,否,0,复仇者联盟,无明确核心导师,4,团队核心,0.0328916601714731,9.89657041763162e-05,2,0.4834,pic\pic/shield_logo.webp,0.5261
VASHTI,瓦什蒂,女,反派,变异,拥有超强体能、飞行能力、能量投射和心灵感应，是克里帝国（Kree）的超级战士。,否,0,克里帝国,至高智慧,7,孤傲,0.0327357755261106,0.0010366178432069,2,0.7177,pic\pic/shield_logo.webp,0.1571
CHAMBER/JONOTHON STA,钱伯/乔纳森·斯塔,男,正派,变异,体内能产生强大能量爆炸，胸口和喉咙有能量核心，可发射能量冲击波，具有飞行能力。,否,0,X战警,X教授,4,孤傲,0.0327357755261106,0.0017921531067722,5,0.7721,pic\pic/shield_logo.webp,0.2714
PEATOR,皮特,男,正派,变异,拥有超强自愈能力和骨骼再生能力，可快速恢复任何伤势，包括致命伤。,否,0,X战警,X教授,3,团队核心,0.0327357755261106,0.0004932109179295,2,0.4944,pic\pic/shield_logo.webp,0.4905
LEECH,水蛭,男,正派,变异,能抑制周围变种人的超能力，使其暂时失效，但对非变种人无效。,否,0,X战警,X教授,2,内向依赖,0.0325798908807482,0.0009594296276228,5,0.6832,pic\heroes\LEECH.jpg,0.3541
MIKHLO,米克洛,男,反派,变异,拥有超强再生能力，身体可快速修复损伤，并具备超越常人的力量与耐力。,否,0,无固定阵营,无,6,孤傲,0.0324240062353858,0.0004785869401255,2,0.4854,pic\pic/shield_logo.webp,0.226
MISTER HYDE/CALVIN Z,海德先生/卡尔文·扎博,男,反派,变异,通过化学药剂获得超强力量、耐力与再生能力，但会失去理智，体型巨大化。,否,0,无固定阵营，常作为雇佣反派或独立行动,无明确导师,6,孤傲/易怒,0.0324240062353858,0.0004057320809885,12,0.6667,pic\heroes\MISTER SINISTER.jpg,0.274
DEADPOOL/JACK/WADE W,死侍/韦德·威尔逊,男,中立,变异,拥有超强自愈因子，几乎不死，精通各种格斗技巧和武器使用，经常打破第四面墙与观众互动。,是,3,X特攻队,无固定导师,7,话痨/混乱中立/打破第四面墙,0.0324240062353858,0.003023212281653,5,0.8391,pic\heroes\DEADPOOL.jpg,0.0144
IGOR,伊戈尔,非人类,反派,科技,作为钢铁侠的反派装甲，拥有强大火力、飞行能力和能量武器，由人工智能控制，无自主意识。,否,0,无,无,6,无社交,0.0324240062353858,0.0004785869401255,2,0.4854,pic\pic/shield_logo.webp,0.226
"MADDICKS, ARTHUR ART",亚瑟·阿特·马迪克斯,男,反派,变异,能够通过接触吸收他人生命力，转化为自身能量并延缓衰老，但需定期补充。,否,0,无固定阵营,无,4,孤僻,0.0321122369446609,0.0009787587204254,5,0.6941,pic\pic/shield_logo.webp,0.1553
SPIRAL,螺旋,女,反派,魔法,精通传送魔法，拥有六只手臂，擅长剑术和幻术，能操控现实和时空。,否,0,无固定核心阵营（常为雇佣兵或反派组织成员）,无明确核心导师,7,孤傲/雇佣兵,0.0321122369446609,0.0007805029764836,5,0.6511,pic\pic/shield_logo.webp,0.1311
"LUMPKIN, WILLIAM WIL",威廉·威尔·伦普金,男,正派,科技,天才级工程师和机械师，擅长设计、制造和维护高科技设备，尤其精通神盾局技术系统。,是,约5部,神盾局,尼克·弗瑞,2,团队支持者,0.0321122369446609,0.0005668706176803,2,0.5775,pic\pic/shield_logo.webp,0.4709
WHIPLASH/MARK SCARLO,鞭索/马克·斯卡洛,男,反派,科技,使用自制的电鞭和动力外骨骼装甲，拥有强大的近战攻击和能量输出能力。,是,1,无固定阵营（独立反派）,无,6,孤傲,0.0321122369446609,0.0006125185505389,12,0.7265,pic\pic/shield_logo.webp,0.1893
FIRELORD/PYREUS KRIL,火焰领主/派瑞斯·克里尔,非人类,正派,宇宙能量,作为行星吞噬者的使者，拥有宇宙能量赋予的飞行、能量发射、超强力量与耐力，并能操控火焰与高温。,否,0,行星吞噬者使者,行星吞噬者,7,忠诚执行者,0.0321122369446609,0.000648944416732,2,0.637,pic\pic/shield_logo.webp,0.4223
"CORBEAU, DR. PETER",彼得·科博博士,男,正派,科技,作为天文学家，他拥有卓越的智力，并利用科技设备（如望远镜）进行观测和预警，无直接战斗超能力。,否,0,神盾局（S.H.I.E.L.D.）,尼克·弗瑞,2,专业严谨,0.0321122369446609,0.0006910208459615,5,0.6534,pic\pic/shield_logo.webp,0.3786
BARON STRUCKER/WOLFG,斯特拉克男爵/沃尔夫冈·冯·斯特拉克,男,反派,科技,无直接超能力，但精通军事战略、科学研究和基因工程，领导九头蛇组织并利用高科技武器和改造士兵作战。,是,2,九头蛇,红骷髅,8,冷酷/阴谋家,0.0321122369446609,0.0011048095921892,12,0.7999,pic\heroes\BARONESS (ELSA BLOODSTONE).jpg,0.1117
TRIATHLON/DELROY GAR,三项全能/德尔罗伊·加尔,男,正派,变异,德尔罗伊·加尔通过外星科技获得超人类体能，包括超级力量、速度、耐力、敏捷性、反射神经和自愈能力，使他成为顶尖的运动员和战士。,否,0,复仇者联盟,尼克·弗瑞,4,团队核心,0.031800467653936,0.0002836477576164,2,0.6372,pic\pic/shield_logo.webp,0.348
"SITWELL, JASPER",贾斯珀·西特韦尔,男,反派,格斗,无超能力，接受过专业特工训练，擅长枪械、格斗和情报分析。,是,3,九头蛇,亚历山大·皮尔斯,3,双重间谍,0.031800467653936,0.0004585054979489,2,0.7256,pic\pic/shield_logo.webp,0.1863
WHIRLWIND/DAVID CANN,旋风/大卫·坎恩,男,反派,变异,通过变异获得超高速旋转能力，可制造旋风、快速移动并增强攻击力，常使用金属爪作为武器。,否,0,邪恶大师,泽莫男爵,4,孤傲,0.031800467653936,0.0001139173823536,2,0.5621,pic\pic/shield_logo.webp,0.2745
NOMAD III/JACK MONRO,流浪者三世/杰克·门罗,男,正派,科技,使用高科技战斗服，具备飞行、能量发射、增强力量与防御能力，精通战术与格斗技巧。,否,0,美国队长团队/复仇者联盟,美国队长（史蒂夫·罗杰斯）,3,忠诚追随者/团队协作,0.031800467653936,0.0005785115521268,12,0.7576,pic\pic/shield_logo.webp,0.2059
DEATHBIRD [SHI'AR],死亡鸟,女,反派,变异,拥有超人的力量、速度、耐力、飞行能力、再生能力和能量爪，是希阿帝国皇室成员。,否,0,希阿帝国,无特定核心导师,7,野心勃勃/皇室权谋,0.0316445830085736,0.0006059480002791,5,0.6598,pic\pic/shield_logo.webp,0.0936
WHIZZER/ROBERT L. FR,旋风侠/罗伯特·L·弗兰克,男,正派,变异,通过实验血清获得超高速移动能力，能以极快速度奔跑，反应敏捷，但能力不稳定。,否,0,复仇者联盟,美国队长,3,团队合作者,0.0316445830085736,0.0003247465999098,2,0.5121,pic\pic/shield_logo.webp,0.4802
CORSAIR,海盗,男,正派,科技,星际海盗船长，精通太空战斗、外星科技和战术指挥，无超能力但经验丰富。,否,0,星际海盗（星际海盗团）,无,4,领导型/冒险家,0.0313328137178487,0.0002202734990776,5,0.5975,pic\pic/shield_logo.webp,0.393
EXECUTIONER II/SKURG,刽子手二世/斯库格,男,反派,变异,拥有超人的力量、耐力和再生能力，能举起约25吨重物，皮肤可抵抗常规武器攻击。,否,0,无固定核心阵营,无,5,孤傲,0.0313328137178487,0.0003314497577327,6,0.6091,pic\pic/shield_logo.webp,0.2139
MASTER MOLD II,主脑二代,非人类,反派,科技,巨型哨兵机器人制造者，能自我复制、控制哨兵军团、分析变种人基因弱点、具备高级人工智能和战略指挥能力。,否,0,哨兵机器人,玻利瓦尔·崔斯克,9,冷酷无情,0.0311769290724863,0.000847759476038,5,0.6754,pic\pic/shield_logo.webp,0.13
LIGHTSPEED/JULIE POW,光速/朱莉·鲍,女,正派,变异,能够以超光速飞行，在高速状态下产生能量场保护自身，并能利用速度进行攻击和防御。,否,0,新勇士,无明确核心导师,3,团队合作者,0.0311769290724863,0.0010303501642853,4,0.7026,pic\pic/shield_logo.webp,0.315
COUNTERWEIGHT/JACK P,平衡者/杰克·P,男,中立,科技,通过先进外骨骼系统操控重力场，可局部改变物体重量或制造反重力区域，用于战术平衡与干扰。,否,0,无固定阵营,无,4,孤傲,0.0311769290724863,0.0010303501642853,4,0.7026,pic\pic/shield_logo.webp,0.055
SILVER SABLE,银貂,女,中立,格斗,世界级格斗家、战术专家、精通多种武器，无超能力但体能和技巧顶尖。,否,0,银貂国际,无,4,孤傲,0.0311769290724863,0.0010665229597805,1,0.7517,pic\heroes\SILVER_SABLE.jpg,0.055
MAGMA/AMARA AQUILLA/,熔岩/阿玛拉·阿奎拉,女,正派,变异,能够操控岩浆和火山活动，产生高温熔岩流，并增强自身力量和耐力。,否,0,新变种人,暴风女,4,团队核心,0.0310210444271239,0.000287331796928,5,0.6164,pic\pic/shield_logo.webp,0.392
"STANKOWICZ, FABIAN",法比安·斯坦科维奇,男,正派,格斗,前神盾局特工，精通格斗、枪械和战术，无超能力，依靠训练和装备执行任务。,否,0,神盾局,尼克·弗瑞,3,忠诚可靠,0.0308651597817614,0.0009041467293979,12,0.629,pic\pic/shield_logo.webp,0.3535
CARGIL/JOANNA CARGIL,乔安娜·卡吉尔,女,反派,变异,拥有超人的力量、耐力、速度和飞行能力，皮肤可抵抗常规攻击。,否,0,邪恶变种人兄弟会,万磁王,6,忠诚执行者,0.030709275136399,0.0003523427252176,5,0.6656,pic\pic/shield_logo.webp,0.1574
WEREWOLF BY NIGHT/JA,午夜狼人/杰克·拉塞尔,男,正派,变异,在满月时变身为狼人，拥有超强力量、速度、感官和自愈能力，可部分控制变身。,是,1,午夜之子,塔隆,5,孤傲,0.0305533904910366,0.0010468201291489,2,0.5576,pic\pic/shield_logo.webp,0.5
ATTUMA,阿图玛,男,反派,变异,亚特兰蒂斯人，拥有水下呼吸、超强力量、耐力及水下高速移动能力，能操控海洋生物。,否,0,亚特兰蒂斯,纳摩,7,野心勃勃的征服者,0.0305533904910366,0.0001945615939879,2,0.5904,pic\pic/shield_logo.webp,0.2245
KISMET/J'RIDIA STARD,天命/贾里迪亚·斯塔德,女,正派,宇宙能量,拥有宇宙能量，能飞行、发射能量束、感知多元宇宙事件，具备超强力量和再生能力。,否,0,天命者,无明确导师,7,孤傲,0.0303975058456742,0.0005218114644034,6,0.6331,pic\pic/shield_logo.webp,0.4205
GRANDMASTER/EN DWI G,宗师/恩·杜维·加斯特,非人类,中立,宇宙能量,拥有近乎不朽的寿命和宇宙级能量操控能力，能创造维度、操控物质，是宇宙长老之一。,是,1,宇宙长老,无,7,享乐主义/游戏人间,0.0303975058456742,0.000811568586451,2,0.4837,pic\pic/shield_logo.webp,0.0564
CALLISTO,卡利斯托,女,反派,变异,拥有超人的感官，包括超级视觉、听觉、嗅觉和触觉，以及超强的平衡感和反射神经，使其成为顶尖的追踪者和格斗家。,否,0,莫洛克人,无,4,孤傲,0.0303975058456742,0.0004457501199618,5,0.6468,pic\heroes\CALLISTO.jpg,0.1385
MAGUS,马格斯,男,反派,神力,拥有强大的宇宙神力，能操控现实、时间与空间，是亚当术士的邪恶未来版本。,否,0,无固定阵营,无,9,孤傲,0.0302416212003117,5.357596618615208e-05,5,0.4262,pic\pic/shield_logo.webp,0.0825
AJAK/TECUMOTZIN [ETE,阿贾克/特库莫钦,男,正派,神力,永恒族领袖，拥有超强力量、飞行、能量投射和心灵感应能力，能与其他永恒族成员建立心灵链接。,是,1,永恒族,天神组,6,团队核心,0.0299298519095869,0.0006366689945186,6,0.4997,pic\pic/shield_logo.webp,0.4948
HOBGOBLIN V/JASON PH,第五代绿魔/杰森·菲利普·海登,男,反派,科技,使用绿魔科技装备，包括飞行滑翔翼、南瓜炸弹、强化力量与敏捷的装甲服，无超能力。,否,0,无固定阵营（偶尔与邪恶六人组等反派合作）,无明确导师（继承绿魔身份）,6,孤傲/犯罪策划者,0.0297739672642244,0.0010983891308848,1,0.7683,pic\heroes\HOBGOBLIN.jpg,0.1099
TIGER SHARK/TODD ARL,虎鲨/托德·阿尔,男,反派,变异,通过基因改造获得鲨鱼般的水下生存能力、超强力量、速度和锋利牙齿，可在水中自由呼吸和高速游动。,否,0,邪恶大师,无,6,孤傲,0.0297739672642244,0.0002880666891485,12,0.6678,pic\pic/shield_logo.webp,0.2094
FIREFIST/RUSTY COLLI,火拳/拉斯蒂·科利,男,反派,变异,能够从双手发射强大的火焰能量，产生爆炸和高温冲击波，具备飞行能力。,否,0,无固定核心阵营,无,6,孤傲,0.0297739672642244,0.0003641597231253,5,0.6175,pic\pic/shield_logo.webp,0.178
KARMA/XI'AN COY MANH,业力/西安·科伊·曼,女,正派,变异,心灵感应与精神控制，可同时操控多人意识，但需承受被控者痛苦记忆反噬。,否,0,X战警,X教授,5,内向坚韧,0.029618082618862,0.0002310292968909,5,0.6027,pic\pic/shield_logo.webp,0.3789
SKIDS/SALLY BLEVINS,滑行者/莎莉·布莱文斯,女,正派,变异,能够生成力场滑行表面，在表面快速滑行并反弹攻击，具备一定能量吸收能力。,否,0,X战警,X教授,3,团队合作者,0.029618082618862,0.0003672783103185,5,0.6507,pic\pic/shield_logo.webp,0.3105
DEATHLOK III/MICHAEL,死亡战士III/迈克尔·柯林斯,男,正派,科技,半机械生化人，拥有超级力量、速度、耐力，配备内置武器系统，具备战术分析能力。,否,0,神盾局,尼克·弗瑞,4,孤傲,0.0294621979734996,0.0033200184126855,8,0.6998,pic\pic/shield_logo.webp,0.3598
MR. SINISTER/NATHAN,凶兆先生/纳撒尼尔·埃塞克斯,男,反派,变异/科技,拥有超强智力、基因操控能力、心灵感应、再生能力，并能通过科技手段改造变种人。,否,0,地狱火俱乐部/凶兆之子,天启,9,孤傲/操纵者,0.0294621979734996,0.0005815837444126,5,0.7025,pic\pic/shield_logo.webp,0.0899
VIZIER,维齐尔,男,反派,魔法,维齐尔是强大的魔法师，精通各种黑魔法，能操控能量、召唤恶魔，并拥有强大的精神控制能力。,否,0,无固定核心阵营,无,7,孤傲,0.0294621979734996,0.0005640216963108,6,0.6877,pic\pic/shield_logo.webp,0.1058
HYPERION,亥伯龙,男,正派,神力,拥有超人般的力量、速度、飞行能力、热视线和超级感官，身体强度极高，近乎不朽。,否,0,复仇者联盟,尼克·弗瑞,8,团队核心,0.0294621979734996,0.0014424801669109,6,0.6863,pic\heroes\HYPERION.jpg,0.3228
MAN-THING/THEODORE T,类人体/西奥多·萨利斯,非人类,中立,魔法,能感知恐惧并释放酸性触手攻击，与万物之绿相连，可穿越维度。,否,0,午夜之子,无,5,孤傲,0.0293063133281371,0.0011342855020919,5,0.7081,pic\pic/shield_logo.webp,0.0532
MAD DOG/COLONEL BUZZ,疯狗/巴兹上校,男,反派,科技,通过改造获得超强体能和反应速度，精通各种武器和战术，是训练有素的士兵和刺客。,否,0,无固定核心阵营，常作为雇佣兵或反派打手出现,无明确核心导师,4,孤傲/雇佣兵,0.0293063133281371,0.0003697754350926,2,0.6807,pic\pic/shield_logo.webp,0.1543
ABOMINATION/EMIL BLO,憎恶/埃米尔·布朗斯基,男,反派,变异,通过注射超级士兵血清和伽马辐射变异，拥有远超绿巨人的力量、速度和耐力，但无法恢复人形。,是,2,无固定阵营,撒迪厄斯·罗斯将军,8,孤傲,0.0291504286827747,0.0021773881672086,2,0.6529,pic\heroes\ABOMINATION.jpg,0.1658
"ARBOGAST, BAMBI",班比·阿博加斯特,女,正派,科技,作为神盾局特工，她精通情报分析、战术策划和先进科技设备操作，拥有出色的战斗技巧和领导能力。,是,1,神盾局,尼克·弗瑞,3,团队核心,0.0291504286827747,0.0006470608106187,0,0.739,pic\pic/shield_logo.webp,0.2781
LEADER/SAM STERNS,大头目/塞缪尔·斯特恩斯,男,反派,变异,因伽马辐射变异，拥有超常智力、心灵感应、精神控制及能量投射能力，但身体脆弱。,否,0,无固定阵营（常作为独立反派或与其他反派合作）,无,8,孤傲/操控者,0.0291504286827747,0.0003779075490774,2,0.541,pic\pic/shield_logo.webp,0.1444
FORGOTTEN ONE/GILGAM,遗忘者/吉尔伽姆,男,正派,神力,拥有不朽生命、超强力量、速度、耐力及飞行能力，是地球最古老的超人类之一，曾参与对抗天神组。,否,0,永恒族,阿贾克,4,孤傲,0.0291504286827747,0.0001783457168374,6,0.6613,pic\pic/shield_logo.webp,0.3476
"ROSENTHAL, BERNIE",伯尼·罗森塔尔,男,正派,科技,作为神盾局特工，他擅长使用高科技装备和战术分析，没有超能力，但具备出色的战斗和情报技能。,否,0,神盾局,尼克·弗瑞,3,团队合作,0.0289945440374123,0.0005164200302717,12,0.6858,pic\pic/shield_logo.webp,0.3065
KARNILLA [ASGARDIAN],卡尼拉,女,中立,魔法,强大的阿斯加德女巫，精通各种魔法，包括预言、变形、能量操控和心灵控制，是阿斯加德最强大的魔法使用者之一。,否,0,阿斯加德,无明确核心导师,7,孤傲,0.0289945440374123,0.0003070968686987,6,0.6539,pic\pic/shield_logo.webp,0.0376
GYPSY MOTH,吉普赛蛾,女,反派,科技,通过特制服装获得飞行能力、能量投射和超强力量，擅长空中格斗和战术突袭。,否,0,邪恶大师,泽莫男爵,5,孤傲,0.0288386593920498,0.0003098328804217,2,0.4861,pic\pic/shield_logo.webp,0.1568
BLACK GOLIATH/DR. WI,黑歌利亚/威廉·福斯特博士,男,正派,科技,通过皮姆粒子科技，能巨大化至约15米高，获得超强力量与耐力，但维持时间有限。,否,0,复仇者联盟,汉克·皮姆,3,团队合作,0.0288386593920498,0.0005121540838875,2,0.6233,pic\pic/shield_logo.webp,0.3622
SELENE,赛琳娜,女,反派,魔法,古老女巫，拥有心灵感应、能量吸收、不朽生命、操控死灵等黑暗魔法能力。,否,0,地狱火俱乐部/外部者,无明确核心导师,8,孤傲/操纵者,0.0288386593920498,0.0008009130440431,5,0.6729,pic\pic/shield_logo.webp,0.1351
PILEDRIVER II/BRIAN,打桩机二世/布莱恩,男,反派,科技,佩戴机械外骨骼，大幅增强力量与耐力，能承受重击并执行高强度破坏任务。,否,0,邪恶大师,无,4,团队执行者,0.0286827747466874,0.0003406414586573,6,0.5869,pic\pic/shield_logo.webp,0.212
ULTRON,奥创,非人类,反派,科技,拥有超强人工智能、自我复制、意识转移、控制网络与机械、能量发射等能力，致力于消灭人类。,是,1,无（独立反派，曾短暂控制复仇者联盟基地）,汉克·皮姆（漫画）/托尼·斯塔克（MCU）,9,孤傲,0.028526890101325,0.000211830848862,2,0.6217,pic\heroes\ULTRON.jpg,0.1639
RINGMASTER/MAYNARD T,马戏团团长/梅纳德·T,男,反派,科技,通过高科技头盔发射催眠光线，能控制他人思想和行为。,否,0,马戏团犯罪团伙,无,4,操纵者,0.028526890101325,0.0005070456007338,12,0.6862,pic\pic/shield_logo.webp,0.1803
COLLECTOR/TANELEER T,收藏家/坦利亚·蒂万,非人类,中立,宇宙能量,拥有宇宙长老级别的强大力量，包括超长寿命、能量操控和物质重组能力，但主要专注于收集宇宙稀有物品。,是,2,宇宙长老,无明确导师,6,孤傲,0.028526890101325,0.0002331188335701,2,0.561,pic\pic/shield_logo.webp,0.0601
LIVING TRIBUNAL,生命法庭,非人类,中立,神力,作为漫威多元宇宙的至高实体，拥有近乎全能的宇宙级力量，负责维持多元宇宙的平衡与秩序，其裁决不可违背。,否,0,无固定阵营,无,10,孤傲,0.028526890101325,0.0002020749836697,6,0.4722,pic\pic/shield_logo.webp,0.0601
PRINCESS PYTHON/ZELD,蟒蛇公主/泽尔德,女,反派,变异,拥有与蟒蛇沟通和控制蟒蛇的能力，身体柔韧性和格斗技巧出色。,否,0,邪恶大师,无,4,孤傲,0.028526890101325,0.0004653263468296,12,0.6535,pic\pic/shield_logo.webp,0.1967
GATEWAY,传送门,男,中立,宇宙能量,拥有心灵传送能力，能打开传送门连接不同地点，并具备心灵感应和预知能力。,否,0,X战警,无,3,孤傲,0.0283710054559625,0.0001266596157137,5,0.6967,pic\pic/shield_logo.webp,0.011
DARK BEAST/HENRY MCC,黑暗野兽/亨利·麦考伊,男,反派,变异,拥有超人的力量、速度、敏捷性和感官，以及野兽般的利爪和毛发，但比主宇宙的野兽更残忍、更具攻击性。,否,0,邪恶变种人兄弟会,天启,7,孤傲/残忍,0.0283710054559625,0.0020530497067627,5,0.6168,pic\pic/shield_logo.webp,0.1319
SILVER SAMURAI/KENYU,银武士/健由,男,反派,科技/格斗,精通剑术与格斗，身穿高科技银武士盔甲，盔甲可释放能量冲击波，并具有超强防御力。,否,0,暂无固定核心阵营,暂无,6,孤傲,0.0283710054559625,0.0015752319754069,5,0.7082,pic\pic/shield_logo.webp,0.1429
"LEE, STAN",斯坦·李,男,中立,非超人类,作为漫威宇宙的创作者之一，没有超能力，但以客串角色身份出现在多个漫威作品中。,是,约20部,无,无,1,友好客串,0.0282151208106001,0.0002531606268966,2,0.6144,pic\pic/shield_logo.webp,0.0331
CRIMSON COWL II/,绯红兜帽二世,男,反派,科技,身穿高科技装甲，具备飞行、能量发射、隐形、增强力量与防御能力，并配备多种武器系统。,否,0,雷霆特工队,泽莫男爵,6,孤傲,0.0282151208106001,0.0002296368840872,12,0.6702,pic\pic/shield_logo.webp,0.1823
"LEEDS, NED",内德·利兹,男,正派,科技,作为蜘蛛侠的得力助手，擅长使用电脑技术提供远程支援和情报分析，无直接超能力。,是,3,蜘蛛侠团队,彼得·帕克,2,团队核心,0.0282151208106001,0.0001734214594663,1,0.658,pic\pic/shield_logo.webp,0.2762
DR. SPECTRUM/JOSEPH,光谱博士/约瑟夫,男,正派,宇宙能量,通过光谱棱镜操控宇宙能量，可发射能量束、飞行、创造能量场和吸收能量。,否,0,复仇者联盟,光谱博士（莫妮卡·朗博）,4,团队核心,0.0280592361652377,0.0014134017004511,6,0.6641,pic\pic/shield_logo.webp,0.3222
MODOK/GEORGE TARLETO,魔多客/乔治·塔尔顿,男,反派,科技,拥有巨大头部和悬浮身体，具备超强智力、心灵感应、能量发射和飞行能力，是A.I.M.的领导者。,是,1,先锋科技(A.I.M.),无,8,孤傲/控制欲强,0.0280592361652377,0.000304343177875,12,0.6475,pic\heroes\MODOK.jpg,0.2
BROTHER VOODOO/DANIE,巫毒兄弟/丹尼尔·德拉姆,男,正派,魔法,精通巫毒魔法，能召唤灵体、操控火焰、附身他人，并拥有强大的精神感应和治愈能力。,否,0,午夜之子,杰里科·德拉姆,4,沉稳内敛,0.0279033515198752,0.0024421491510744,2,0.5126,pic\pic/shield_logo.webp,0.5307
SUPER SKRULL/KL'RT,超级斯克鲁人/克拉特,男,反派,变异,拥有神奇四侠所有成员的超能力，包括隐形、伸缩、火焰控制和岩石皮肤，由斯克鲁帝国基因改造而成。,否,0,斯克鲁帝国,无,8,忠诚战士,0.0277474668745128,0.0008249390822345,2,0.5831,pic\pic/shield_logo.webp,0.2022
FERAL/MARIA CALLASAN,野性/玛丽亚·卡拉桑,女,反派,变异,拥有猫科动物的超强感官、敏捷性、利爪和再生能力，能像猫一样攀爬和跳跃。,否,0,掠夺者,掠夺者（团队）,4,孤傲,0.0277474668745128,0.0002107170885477,5,0.6803,pic\pic/shield_logo.webp,0.1292
BULLDOZER/HENRY CAMP,推土机/亨利·坎普,男,反派,科技,身穿重型装甲，拥有超强力量和防御力，能高速冲撞摧毁目标，是邪恶组织“邪恶大师”的成员。,否,0,邪恶大师,泽莫男爵,6,团队执行者,0.0275915822291504,0.000391877776294,6,0.5944,pic\pic/shield_logo.webp,0.2147
"JONES, MARLO CHANDLE",马洛·钱德尔·琼斯,女,反派,变异,拥有超强的心灵感应和精神控制能力，能操纵他人思维并制造幻象。,否,0,地狱火俱乐部,塞巴斯蒂安·肖,7,双重间谍,0.027435697583788,0.0007372335536431,2,0.7751,pic\pic/shield_logo.webp,0.1193
"OSBORN, NORMIE",诺米·奥斯本,男,反派,科技,穿戴高科技绿魔装甲，具备飞行、增强力量、发射能量武器和投掷南瓜炸弹的能力。,否,0,邪恶六人组,诺曼·奥斯本,6,复仇心切,0.027435697583788,0.0004281623337121,1,0.7095,pic\pic/shield_logo.webp,0.1477
URSA MAJOR/MIKHAIL U,大熊/米哈伊尔·U,男,正派,变异,能够变身为巨大的北极熊，拥有超人的力量、耐力和感官，并能控制其他熊类。,否,0,冬卫队,红卫兵,4,团队核心,0.027435697583788,9.51913534318152e-05,2,0.329,pic\pic/shield_logo.webp,0.625
SHIP,飞船,非人类,正派,科技,一艘拥有高度人工智能的宇宙飞船，具备自主飞行、武器系统、生命维持和战术分析能力，可变形并与驾驶员协同作战。,否,0,银河护卫队,星爵,3,忠诚伙伴,0.0272798129384255,0.0005299734094656,5,0.6378,pic\pic/shield_logo.webp,0.3486
VAPOR,蒸汽,女,反派,变异,能够将身体转化为蒸汽形态，免疫物理攻击，控制水汽进行攻击和移动，并能通过蒸汽造成窒息或灼伤。,否,0,邪恶大师,泽莫男爵,5,团队合作者,0.0272798129384255,0.0003324038664487,12,0.6345,pic\pic/shield_logo.webp,0.2114
BATROC/GEORGES BATRO,巴托克/乔治·巴托,男,反派,格斗,前法国外籍军团成员，精通萨瓦特格斗术，无超能力但体能和格斗技巧远超常人。,是,1,无固定阵营，常作为雇佣兵或独立反派活动,无,4,孤傲,0.0272798129384255,0.0012223979452049,10,0.7442,pic\pic/shield_logo.webp,0.2343
RONAN THE ACCUSER [K,指控者罗南,男,反派,科技/宇宙能量,克里帝国军事指挥官，拥有超强力量、耐力、飞行能力，使用万能武器，能操控宇宙能量，免疫多数物理攻击。,是,2,克里帝国,至高智慧,8,孤傲/狂热,0.0272798129384255,0.000481149862752,5,0.5723,pic\heroes\RONAN THE ACCUSER.jpg,0.08
SHROUD/MAXIMILLIAN Q,裹尸布/马克西米利安·Q,男,正派,科技,通过高科技装备获得夜视、隐身、增强感官和格斗能力，擅长潜行与情报收集。,否,0,夜魔侠盟友,无明确核心导师,3,孤傲,0.0272798129384255,0.0002747638006592,2,0.4404,pic\pic/shield_logo.webp,0.5143
CH'OD,乔德,男,正派,变异,拥有鲨鱼人般的超强力量、耐力、游泳速度和锋利牙齿，能在水下呼吸和高速移动。,否,0,星际骑士团,无特定核心导师,4,团队核心,0.0269680436477007,0.0001107293331105,5,0.5296,pic\pic/shield_logo.webp,0.4566
RAZA LONGKNIFE,拉扎·长刀,男,反派,格斗,精通多种格斗技巧和武器使用，尤其擅长使用长刀，是经验丰富的雇佣兵和战士。,是,1,十戒帮,满大人,4,冷酷/雇佣兵,0.0268121590023382,0.000110366015612,5,0.5296,pic\pic/shield_logo.webp,0.0988
"KENT, CLARK",克拉克·肯特,男,正派,神力,拥有飞行、超级力量、超级速度、热视线、冰冻呼吸、刀枪不入等超能力，源自氪星人基因与地球太阳辐射的相互作用。,否,0,正义联盟,乔纳森·肯特,1,团队核心,0.0268121590023382,0.0001986316792356,6,0.5771,pic\pic/shield_logo.webp,0.4535
WHIZZER II/STANLEY S,旋风侠二世/斯坦利·S,男,正派,变异,通过实验获得超高速移动能力，能快速奔跑、反应敏捷，并产生旋风效应。,否,0,复仇者联盟,美国队长,3,团队合作者,0.0268121590023382,0.0013212569779512,6,0.6387,pic\pic/shield_logo.webp,0.3372
ARISHEM [CELESTIAL],阿里瑟姆 [天神族],非人类,中立,宇宙能量,作为天神族法官，拥有创造和毁灭星球的宇宙级力量，能操控物质和能量，审判文明存亡。,是,1,天神族,无,10,孤傲,0.0266562743569758,0.0002253519226207,6,0.5904,pic\pic/shield_logo.webp,0.0585
MELTER/BRUNO HORGAN,熔化者/布鲁诺·霍根,男,反派,科技,身穿特制装甲，能发射高温射线熔化金属和物体，装甲提供一定防护和增强力量。,否,0,邪恶大师,无,4,孤傲,0.0266562743569758,7.596757597493791e-05,2,0.5282,pic\pic/shield_logo.webp,0.2807
BLITZKRIEG/,闪电战/,男,反派,变异,拥有超人的速度、力量和耐力，能产生冲击波，是超级士兵计划的产物。,否,0,九头蛇,红骷髅,6,狂热追随者,0.0266562743569758,0.0005492133419215,2,0.3281,pic\pic/shield_logo.webp,0.1287
BLACK MAMBA/TANYA SE,黑曼巴/谭雅·塞,女,反派,变异,通过基因改造获得蛇类特性，包括剧毒唾液、超强柔韧性、快速再生和热感应能力。,否,0,邪恶大师,暂无明确核心导师,6,冷酷/服从指令,0.0266562743569758,0.0002399440176759,12,0.6803,pic\pic/shield_logo.webp,0.2339
DEMOLITION MAN/DENNI,破坏者/丹尼,男,反派,科技,身穿高科技装甲，具备超强力量、飞行能力和能量武器，装甲提供防护和战斗支持。,否,0,无固定核心阵营，常作为雇佣兵或独立反派活动,无,4,孤傲,0.0265003897116134,0.0001977259309171,12,0.6327,pic\pic/shield_logo.webp,0.1471
CRIMSON DYNAMO V/DIM,绯红机甲五号/迪姆,男,反派,科技,驾驶苏联研发的巨型动力装甲，具备飞行、能量武器、超强防御和力量增强能力。,否,0,苏联/俄罗斯军方,无明确核心导师,7,军人作风/忠诚执行,0.0265003897116134,0.0001311838999241,2,0.4056,pic\pic/shield_logo.webp,0.1176
ARABIAN KNIGHT/ABDUL,阿拉伯骑士/阿卜杜勒,男,正派,魔法,使用魔法飞毯飞行，操控魔法弯刀进行攻击，拥有超人的力量和耐力。,否,0,复仇者联盟,无,3,团队核心,0.0263445050662509,0.0005532545850428,2,0.3226,pic\pic/shield_logo.webp,0.6036
"SOUTHERN, CANDY",坎迪·萨瑟恩,女,反派,科技,通过先进科技装备增强体能和战斗技巧，擅长使用定制武器和战术装备进行渗透与破坏。,否,0,无固定核心阵营,无,4,孤傲,0.0263445050662509,0.0003529243598332,5,0.6659,pic\pic/shield_logo.webp,0.1657
DIABLO/ESTEBAN DE AB,迪亚布罗/埃斯特班·德·阿布,男,反派,魔法,精通炼金术，能制造各种魔法药剂和化学武器，擅长化学攻击和变形术。,否,0,邪恶大师,无明确核心导师,6,孤傲,0.0263445050662509,0.0003426298836987,2,0.5769,pic\pic/shield_logo.webp,0.2367
TALISMAN II/ELIZABET,塔利斯曼二世/伊丽莎白,女,正派,魔法,作为塔利斯曼的继承者，她能够操控强大的魔法能量，主要用于防御、能量投射和感知超自然威胁。,否,0,神盾局,塔利斯曼,4,团队核心,0.0263445050662509,0.0003732500547905,5,0.5809,pic\pic/shield_logo.webp,0.4201
PLANTMAN/SAM SMITHER,植物人/萨姆·斯密瑟,男,反派,变异,通过变异获得与植物沟通和控制植物的能力，能操控植物生长、移动和攻击，甚至制造植物怪物。,否,0,邪恶大师,无明确核心导师,4,孤僻,0.0263445050662509,0.0005416982069573,2,0.6162,pic\pic/shield_logo.webp,0.2071
DRAGONFLY/VERONICA D,蜻蜓/维罗妮卡·D,女,反派,科技,通过高科技装备获得飞行能力，配备能量武器和增强力量，擅长空中作战和战术突袭。,否,0,邪恶大师,暂无明确导师,5,孤傲,0.0260327357755261,0.0005757169404668,12,0.655,pic\pic/shield_logo.webp,0.1796
"GREY, DR. JOHN",约翰·格雷博士,男,反派,变异,拥有强大的心灵感应能力，能读取和控制他人思想，制造精神攻击和幻觉，并具备一定的精神防御能力。,否,0,X战警,X教授,7,孤傲,0.0260327357755261,8.052781536646477e-05,5,0.5555,pic\pic/shield_logo.webp,0.1617
SHAMROCK/MOLLY FITZG,三叶草/莫莉·菲茨杰拉德,女,正派,魔法,拥有基于爱尔兰神话的魔法能力，能召唤幸运光环，操控概率，制造保护性魔法场。,否,0,X战警,X教授,3,团队合作者,0.0260327357755261,0.000478338670725,2,0.3066,pic\pic/shield_logo.webp,0.6287
STARSHINE II/BRANDY,星光二世/布兰迪,女,正派,宇宙能量,吸收和操控星光能量，用于飞行、能量投射和防御，能力强度与星光环境相关。,否,0,新勇士,星光一世,3,团队合作,0.0258768511301636,0.0067970101120678,4,0.7268,pic\pic/shield_logo.webp,0.3133
ANACONDA/BLANCHE SIT,巨蟒/布兰奇·西特,女,反派,变异,拥有蛇类基因，身体可极度拉伸和扭曲，力量远超常人，并能分泌毒液。,否,0,邪恶大师,暂无明确核心导师,5,团队合作,0.0258768511301636,0.0002186401001307,12,0.6609,pic\pic/shield_logo.webp,0.1807
"STRUCKER, ANDREAS",安德烈亚斯·斯特拉克,男,反派,科技,作为斯特拉克男爵之子，他精通军事战术和间谍技术，擅长使用高科技武器和装备进行战斗。,否,0,九头蛇,斯特拉克男爵,6,孤傲,0.0258768511301636,0.0002402462269002,5,0.6772,pic\pic/shield_logo.webp,0.1867
"TANAKA, KENJIRO",田中健次郎,男,反派,科技,精通先进科技武器与战术，擅长使用高科技装备进行渗透与破坏，具备出色的战斗技巧和战略头脑。,否,0,九头蛇,无,4,孤傲,0.0258768511301636,0.0004104628207103,6,0.6953,pic\pic/shield_logo.webp,0.0843
TESSA,泰莎,女,正派,科技,作为S.H.I.E.L.D.的智能生命体，具备高级人工智能、数据分析、网络入侵、战术支援及与系统交互的能力。,否,0,神盾局,尼克·弗瑞,3,高效支援,0.0257209664848012,0.0001999076736196,5,0.6286,pic\pic/shield_logo.webp,0.3515
MAM'SELLE HEPZIBAH,赫普齐巴小姐,女,正派,变异,拥有类似猫的敏捷性、夜视能力、锋利的爪子，以及超强的平衡感和攀爬能力。,否,0,星标,科斯莫,3,忠诚伙伴,0.0255650818394388,0.0001006957105804,5,0.5186,pic\pic/shield_logo.webp,0.4573
UNION JACK III/JOEY,联合杰克三世/乔伊·查普曼,男,正派,科技,使用高科技装备，包括能量武器、飞行背包和增强战斗服，具备出色的格斗技巧和战术头脑。,否,0,英国超级英雄团队（如：英国队长团队或MI-13）,布莱恩·福斯克（联合杰克二世）,4,团队合作者,0.0255650818394388,0.0003031238437524,12,0.5108,pic\pic/shield_logo.webp,0.3963
"WISDOM, PETER",彼得·威斯登,男,正派,变异,拥有超强直觉和预知能力，能感知危险并做出最佳决策，同时具备出色的格斗技巧和战略思维。,否,0,X战警,X教授,3,孤傲,0.0255650818394388,0.000858437848074,5,0.6442,pic\pic/shield_logo.webp,0.372
MAXIMUS [INHUMAN],马克西姆斯,男,反派,变异,拥有强大的心灵感应和精神控制能力，能操纵他人思想和情绪，是异人族王室成员。,是,0,异人族王室,黑蝠王,8,野心勃勃/阴谋家,0.0255650818394388,0.0005529058626452,2,0.6999,pic\pic/shield_logo.webp,0.1463
"STONE, LT. MARCUS",马库斯·斯通中尉,男,正派,科技,作为神盾局特工，主要依靠高科技装备、战术训练和格斗技能执行任务，无超自然能力。,否,0,神盾局,尼克·弗瑞,3,团队核心,0.0255650818394388,0.0009058900718702,6,0.682,pic\pic/shield_logo.webp,0.3232
"STRUCKER, ANDREA",安德烈亚·斯特拉克,女,反派,科技,作为斯特拉克男爵的女儿，她精通各种先进武器和战术，并领导着九头蛇的精英部队，具备出色的战斗和指挥能力。,否,0,九头蛇,斯特拉克男爵,6,冷酷果断,0.0255650818394388,0.0002340721035003,5,0.6731,pic\pic/shield_logo.webp,0.189
BLAQUESMITH,黑铁匠,男,正派,科技,天才级机械工程师，擅长设计和制造高科技武器与装备，尤其精通动力外骨骼和能量武器系统。,否,0,X战警,野兽,3,技术宅/幕后支援,0.0254091971940763,0.0006173892705221,5,0.712,pic\pic/shield_logo.webp,0.3067
PENANCE/MONET ST. CR,忏悔者/莫奈·圣克罗,女,正派,变异,拥有超人的力量、速度、耐力、飞行能力、自愈能力和心灵感应，是变种人中的全能战士。,否,0,X战警,X教授,7,孤傲,0.0254091971940763,0.0007456014974671,5,0.7466,pic\pic/shield_logo.webp,0.227
RED GUARDIAN III/DR.,红色守卫者III/博士,男,正派,科技,通过高科技装甲获得超级力量、飞行能力、能量发射和增强的防御力，是苏联版本的钢铁侠。,是,1,苏联/俄罗斯超级士兵项目,苏联政府,5,团队核心,0.0252533125487139,0.0003258223897551,2,0.5861,pic\pic/shield_logo.webp,0.3951
"ROBERTSON, RANDY",兰迪·罗伯逊,男,正派,格斗,作为《号角日报》的记者，他拥有出色的调查能力和新闻直觉，但没有超能力。,否,0,号角日报,J·乔纳·詹姆森,1,正直记者,0.0252533125487139,0.0001860785054709,1,0.7211,pic\pic/shield_logo.webp,0.1605
"POWER, DR. JIM",吉姆·鲍尔博士,男,反派,科技,通过实验获得超强体能和能量操控能力，能发射能量冲击波，增强自身力量与速度。,否,0,无固定阵营,无,4,孤傲,0.0252533125487139,0.0008824911701151,4,0.6657,pic\pic/shield_logo.webp,0.1543
GHAUR [DEVIANT],高尔[异人族],男,反派,变异,拥有心灵感应、念力操控、能量投射等强大超能力，是异人族的领袖之一。,否,0,异人族,无,8,孤傲,0.0252533125487139,0.0002587274880751,6,0.6065,pic\pic/shield_logo.webp,0.1728
TEXAS TWISTER/DREW D,德克萨斯旋风/德鲁·D,男,反派,变异,能够通过高速旋转身体制造强大的龙卷风，用于攻击、防御或移动，并能控制风力方向。,否,0,邪恶大师,泽莫男爵,4,团队追随者,0.0250974279033515,4.674488786393854e-05,2,0.2866,pic\pic/shield_logo.webp,0.1491
LIZARD/DR. CURTIS CO,蜥蜴人/科特·康纳斯博士,男,反派,变异,通过蜥蜴血清获得再生能力、超强力量、敏捷性、攀爬能力和部分爬行动物特征，但会失去人性。,是,1,无固定阵营（通常为独立反派）,无,7,孤傲/偏执,0.0250974279033515,0.0008510389435563,1,0.6756,pic\heroes\THE LIZARD.jpg,0.2112
MR. FANTASTIC DOPPEL,神奇先生杜佩尔,男,反派,变异,拥有与神奇先生相似的橡胶般延展身体能力，但能力不稳定且受控于他人，常被反派利用进行伪装或破坏。,否,0,无固定阵营,无,4,受控傀儡,0.024941543257989,0.0001179301064772,5,0.3222,pic\pic/shield_logo.webp,0.0875
DEVIL-SLAYER/ERIC SI,恶魔杀手/埃里克·斯,男,正派,魔法,使用魔法斗篷召唤恶魔、操控阴影、进行空间传送，并拥有强大的近战格斗能力。,否,0,午夜之子,奇异博士,5,孤傲,0.0247856586126266,0.0002785508418148,2,0.3458,pic\pic/shield_logo.webp,0.5975
VANISHER,瞬移者,男,反派,变异,拥有瞬间移动能力，可传送自身或他人至任何已知地点，但需集中精神且距离有限。,否,0,X战警反派/兄弟会,万磁王,4,孤傲,0.0247856586126266,0.0002218514298805,5,0.6152,pic\pic/shield_logo.webp,0.239
"STACY, JILL",吉尔·史黛西,女,正派,格斗,作为纽约警察局警官，具备出色的格斗技巧、射击能力和侦查技能，无超能力。,否,0,纽约警察局,乔治·史黛西,2,坚韧独立,0.0246297739672642,0.0005653587669814,1,0.7776,pic\pic/shield_logo.webp,0.1582
MOLECULE MAN/OWEN RE,分子人/欧文·里斯,男,中立,宇宙能量,拥有操控所有物质分子的能力，可重塑现实，是漫威宇宙中最强大的存在之一。,否,0,无固定阵营,超越者,10,孤傲,0.0246297739672642,0.0001002613754121,2,0.5087,pic\pic/shield_logo.webp,0.0696
MYSTERIO/QUENTIN BEC,神秘客/昆汀·贝克,男,反派,科技,利用全息投影、无人机、化学烟雾和催眠技术制造幻象，欺骗对手，无实际超能力。,是,1,无固定阵营（曾伪装为英雄）,无,7,欺诈大师/表演型人格,0.0246297739672642,0.0012704217755945,1,0.6977,pic\heroes\MYSTERIO_QUENTIN_BEC.jpg,0.1203
BATTLESTAR/LEMAR HOS,战星/勒马尔·霍斯,男,正派,科技,通过超级士兵血清增强体能，身穿高科技战斗服，擅长近战格斗与战术指挥。,否,0,美国密探的搭档/神盾局,美国密探（约翰·沃克）,4,忠诚伙伴/团队支持者,0.0244738893219017,0.0005864041739008,12,0.7048,pic\pic/shield_logo.webp,0.2994
VENOM/EDDIE BROCK,毒液/艾迪·布洛克,男,中立,变异,共生体赋予的超强力量、速度、自愈能力，可变形伪装，对蜘蛛感应免疫，弱点为声波和火焰。,否,3,无固定阵营,无,7,孤傲/双重身份,0.0244738893219017,0.0007518287996357,1,0.7595,pic\heroes\VENOM.jpg,0.0382
MENTOR/ALARS [ETERNA,导师/阿拉尔斯 [永恒族,男,正派,神力,作为永恒族领袖，拥有超强智力、能量操控、飞行、不朽寿命及创造科技的能力。,是,1,永恒族,天神组,3,团队核心,0.0244738893219017,0.0005078243641664,2,0.5413,pic\pic/shield_logo.webp,0.4395
"KINCAID, DR. KEITH",基思·金凯德博士,男,反派,科技,拥有天才级智力，擅长开发先进武器和机器人技术，通过科技装备增强自身战斗能力。,否,0,九头蛇,红骷髅,6,孤傲,0.0244738893219017,0.0003578274648403,6,0.6463,pic\pic/shield_logo.webp,0.1529
SAURON/DR. KARL LYKO,索伦/卡尔·莱科博士,男,反派,变异,拥有变身为翼龙形态的能力，具备飞行、超强力量、再生能力和催眠凝视，能通过咬伤传播变种基因。,否,0,无固定阵营，常与变种人反派合作,无明确导师,7,孤傲/偏执,0.0243180046765393,0.0005065266235768,5,0.6715,pic\heroes\SAURON.jpg,0.0897
"LE FEY, MORGAN",摩根·勒菲,女,反派,魔法,精通强大黑魔法，能操控时间、空间和现实，召唤恶魔，施展诅咒，并拥有不朽生命。,否,0,无固定阵营，常作为独立反派或与黑暗势力结盟,无明确核心导师，但受亚瑟王传说和魔法传统影响,9,孤傲,0.0243180046765393,0.0002670322492727,2,0.5811,pic\heroes\CABLE (NATHAN SUMMERS).jpg,0.109
SWORDSMAN/JACQUES DU,剑客/雅克·杜,男,反派,格斗,精通剑术和武术，使用能量剑，无超能力但格斗技巧高超。,否,0,九头蛇,无明确核心导师,4,孤傲,0.0243180046765393,9.542875943459032e-05,2,0.5192,pic\pic/shield_logo.webp,0.1603
THANOS DOPPELGANGER,灭霸分身,非人类,反派,神力,拥有灭霸的物理力量、耐力、战斗技巧和无限手套的复制品，但缺乏灭霸的智慧和意志力，是魔法创造的复制体。,否,0,无固定阵营,无,7,孤傲,0.0241621200311769,1.6659998569215554e-05,5,0.2618,pic\pic/shield_logo.webp,0.0903
WATER WIZARD/PETE,水巫师/皮特,男,反派,魔法,能够操控水流，制造水龙卷和水墙进行攻击和防御。,否,0,无,无,3,孤傲,0.0240062353858145,0.0002871154395194,12,0.6297,pic\pic/shield_logo.webp,0.1948
EPOCH,纪元,男,正派,宇宙能量,能够操控时间，包括时间旅行、时间暂停、加速或减速时间流动，以及观察时间线分支。,否,0,无固定阵营，常与复仇者联盟等英雄合作,无,7,孤傲,0.023850350740452,0.0002020521226877,6,0.5274,pic\pic/shield_logo.webp,0.4314
"CUSHING, KATE",凯特·库欣,女,正派,格斗,没有超能力，但精通格斗技巧、战术策略和武器使用，是神盾局特工。,否,0,神盾局,尼克·弗瑞,3,团队合作,0.023850350740452,0.0003107852384259,1,0.6584,pic\pic/shield_logo.webp,0.2418
ASP II/CLEO,克莱奥/克莱奥,女,正派,科技,通过高科技装备获得蜘蛛侠般的超能力，包括超强力量、敏捷性、攀爬能力和蛛网发射器。,否,0,神盾局,尼克·弗瑞,4,团队合作,0.0236944660950896,0.0002033217410923,12,0.6829,pic\pic/shield_logo.webp,0.1974
BOLT II/CHRIS BRADLE,闪电侠II/克里斯·布拉德利,男,正派,变异,能生成和操控电磁能量，发射闪电束，进行高速飞行，并具备一定的电磁感应能力。,否,0,X战警,X教授,4,团队核心,0.0236944660950896,0.0006841347105136,4,0.585,pic\pic/shield_logo.webp,0.4276
GAEA,盖亚,女,正派,神力,地球的化身，拥有操控自然、生命、大地和能量的神力，是地球的守护者和生命之源。,否,0,天神组/地球守护者,无,10,神秘莫测,0.0236944660950896,0.0001491567143782,6,0.6317,pic\pic/shield_logo.webp,0.3289
ZIRAN,自然,非人类,反派,宇宙能量,掌控自然元素，能操控植物、动物、天气和大地，是地球原始自然力量的化身。,否,0,无固定阵营,无,8,孤傲,0.0236944660950896,0.000157300226151,6,0.5506,pic\pic/shield_logo.webp,0.0789
"HAMMER, JUSTIN",贾斯汀·汉默,男,反派,科技,无超能力，但拥有天才商业头脑和军事工业资源，通过科技武器制造和雇佣反派来达成目的。,是,1,汉默工业,无,6,野心勃勃/善于操纵/双重交易,0.0236944660950896,0.0002463568924702,1,0.7358,pic\pic/shield_logo.webp,0.1908
"SZARDOS, MARGALI",玛格丽·萨尔多斯,女,中立,魔法,精通黑魔法与白魔法，擅长占卜、召唤、变形术，能操控能量与灵魂，是强大的女巫。,否,0,魔法界/罗马尼吉普赛部落,无明确核心导师,7,神秘/孤傲/部落领袖,0.0236944660950896,0.000481726224249,5,0.5935,pic\pic/shield_logo.webp,0.0263
ARCANNA/ARCANNA JONE,阿尔卡娜/阿尔卡娜·琼斯,女,正派,魔法,精通魔法，能操控能量、飞行、制造幻象，并拥有预知能力。,否,0,捍卫者联盟,奇异博士,4,团队核心,0.0236944660950896,0.0009848480396758,6,0.6616,pic\pic/shield_logo.webp,0.3026
"CHENEY, LILA",莱拉·切尼,女,反派,科技,拥有先进的网络黑客技术，能入侵并控制神盾局等组织的安全系统，擅长信息战和电子干扰。,否,0,九头蛇,亚历山大·皮尔斯,6,双重间谍,0.0236944660950896,0.0001360684255347,5,0.5718,pic\pic/shield_logo.webp,0.1053
THUNDERBIRD III/NEAL,雷鸟三世/尼尔,男,正派,变异,拥有超人的力量、速度、耐力、飞行能力以及能量吸收和释放雷电的能力。,否,0,X战警,X教授,5,团队核心,0.0235385814497272,0.0005115726908778,5,0.5474,pic\pic/shield_logo.webp,0.4305
SILVERMANE/SILVIO MA,银鬃/西尔维奥·马,男,反派,科技,通过实验获得超强力量和耐力，使用机械外骨骼增强战斗能力，是纽约黑帮头目。,否,0,无固定阵营（主要作为蜘蛛侠反派）,无,5,孤傲/犯罪头目,0.0235385814497272,0.0003945991592216,1,0.7225,pic\pic/shield_logo.webp,0.1722
EGO,伊戈,非人类,反派,宇宙能量,拥有古老宇宙意识，能操控物质、创造分身、吸收生命能量，核心是一颗活体行星。,是,1,无固定阵营,无,9,孤傲,0.0235385814497272,0.0007433705641863,2,0.5681,pic\heroes\EGO.jpg,0.106
ORACLE/LADY SIBYL,神谕/女先知,女,中立,魔法,拥有预知未来的能力，通过魔法仪式或水晶球揭示潜在事件，但预言常具模糊性。,否,0,无固定阵营,无,3,神秘莫测,0.0235385814497272,0.0003403846245379,5,0.5695,pic\pic/shield_logo.webp,0.0132
DRACULA/VLAD TEPES,德古拉/弗拉德·采佩什,非人类,反派,魔法,吸血鬼始祖，拥有超强力量、速度、再生能力，可变形为蝙蝠或雾，通过咬伤传播诅咒。,否,0,吸血鬼部族,无,8,孤傲,0.0233826968043647,0.0015087288856968,2,0.6554,pic\pic/shield_logo.webp,0.0867
PROWLER/HOBIE BROWN,潜行者/霍比·布朗,男,反派,科技,通过高科技装备获得强化力量、敏捷度、攀爬能力和能量冲击，并配备爪子和滑翔翼等武器。,否,0,无固定核心阵营,无,4,孤傲,0.0233826968043647,0.0008238325768529,1,0.6731,pic\pic/shield_logo.webp,0.1467
SCANNER II,扫描者二世,女,反派,科技,拥有高科技扫描与信息处理能力，能入侵电子系统、分析目标弱点，并配备能量武器进行战斗。,否,0,九头蛇,红骷髅,6,双重间谍,0.0233826968043647,0.0001097832291818,5,0.576,pic\pic/shield_logo.webp,0.1267
BOX IV/MADISON JEFFR,盒子四号/麦迪逊·杰弗,女,正派,科技,通过高科技外骨骼装甲获得超强力量、飞行能力、能量武器和防御力场。,否,0,阿尔法飞行队,罗杰·布伊西,4,团队合作者,0.0233826968043647,0.000724747703823,5,0.6502,pic\pic/shield_logo.webp,0.34
"WINGFOOT, WYATT",飞足，怀亚特,男,正派,科技,通过高科技靴子获得飞行能力，具备空中格斗技巧和战术分析能力。,否,0,神盾局,尼克·弗瑞,3,忠诚下属,0.0232268121590023,0.0002425954401009,2,0.7039,pic\pic/shield_logo.webp,0.2617
"MERRYWEATHER, IRENE",艾琳·梅里韦瑟,女,反派,科技,作为九头蛇特工，擅长使用高科技武器和装备进行战斗与情报活动。,否,0,九头蛇,红骷髅,4,双重间谍,0.0232268121590023,0.0021604630280189,11,0.8026,pic\pic/shield_logo.webp,0.094
"POWER, MARGARET",玛格丽特·鲍尔,女,反派,变异,拥有超人的力量、速度和耐力，能发射能量冲击波，并具备飞行能力。,否,0,邪恶大师,泽莫男爵,6,忠诚追随者,0.0232268121590023,0.0008317471909393,4,0.6484,pic\pic/shield_logo.webp,0.1544
DORMAMMU,多玛姆,非人类,反派,魔法,黑暗维度的主宰，拥有近乎无限的魔法力量，能操控黑暗能量、扭曲现实、创造维度，并几乎不朽。,是,1,无固定阵营（黑暗维度势力）,无,10,孤傲,0.0232268121590023,0.0031928488141512,9,0.7188,pic\pic/shield_logo.webp,0.1007
NIGHTHAWK/KYLE RICHM,夜鹰/凯尔·里奇蒙,男,正派,科技/格斗,精通武术和侦探技能，使用高科技装备如滑翔翼和夜视镜，无超能力但体能卓越。,否,0,捍卫者联盟,无明确核心导师,3,孤傲/侦探风格,0.0230709275136399,0.0002837609709708,2,0.3246,pic\pic/shield_logo.webp,0.6081
WHIZZER III/JAMES SA,疾速侠三世/詹姆斯·萨,男,正派,变异,拥有超人类速度，能高速移动、快速反应和制造冲击波，速度接近音速。,否,0,复仇者联盟,美国队长,3,团队合作者,0.0230709275136399,0.0002253961882274,1,0.6737,pic\pic/shield_logo.webp,0.3378
"LUBENSKI, NATE","卢本斯基, 内特",男,中立,科技,精通先进武器和战术装备，具备高超的战术分析能力，无超自然能力。,否,0,神盾局,尼克·弗瑞,3,冷静分析,0.0230709275136399,0.0001936962348551,1,0.6476,pic\pic/shield_logo.webp,0.0473
"ROBERTSON, MARTHA",玛莎·罗伯逊,女,正派,格斗,无超能力，作为《号角日报》记者，擅长调查报道，是蜘蛛侠彼得·帕克的同事和盟友。,否,0,号角日报,J·乔纳·詹姆森,1,友善正直,0.0230709275136399,0.0004629782689373,1,0.6721,pic\pic/shield_logo.webp,0.1824
EEL II/EDWARD LAVELL,鳗人二世/爱德华·拉维尔,男,反派,变异,拥有鳗鱼般的滑行、水下呼吸能力，皮肤可分泌粘液，具备一定水下战斗技巧。,否,0,邪恶大师,鳗人一世/利奥波德·斯特赖克,3,追随者,0.0229150428682774,0.0002499613535402,12,0.5978,pic\pic/shield_logo.webp,0.2517
"SIKORSKY, RAYMOND",雷蒙德·西科尔斯基,男,正派,科技,神盾局高级特工，无超能力，但精通情报分析、战术指挥和多种格斗技巧，是神盾局内部的重要智囊。,否,0,神盾局,尼克·弗瑞,3,冷静理智,0.0229150428682774,0.0001329138004279,12,0.5635,pic\pic/shield_logo.webp,0.3946
KRISTOFF/KRISTOFF VE,克里斯托夫·维尔纳夫,男,反派,科技,通过毁灭博士的科技改造获得超人类体能、能量发射和飞行能力，并继承了毁灭博士的部分知识。,否,0,毁灭博士阵营,毁灭博士,6,忠诚追随者,0.0229150428682774,0.0002810212788071,2,0.566,pic\pic/shield_logo.webp,0.1973
MANTIS/? BRANDT,螳螂女/布兰特,女,正派,宇宙能量,拥有强大的心灵感应能力，能感知和影响他人情绪，甚至安抚或催眠目标。,是,3,银河护卫队,星爵,3,天真善良,0.0229150428682774,8.341109056535914e-05,2,0.5751,pic\heroes\MANTIS___BRANDT.jpg,0.3741
RINTRAH,林特拉,非人类,正派,魔法,林特拉是魔法生物，拥有强大的魔法能力，能够操控神秘能量进行防御、攻击和传送，是奇异博士的盟友。,是,1,至尊圣所,古一,3,忠诚盟友,0.022759158222915,0.0002947661676368,9,0.6172,pic\pic/shield_logo.webp,0.3836
SHOCKER/HERMAN SCHUL,震荡者/赫尔曼·舒尔,男,反派,科技,使用自制的振动手套和护甲，能产生强力冲击波，用于攻击、破坏或防御，但依赖装备。,是,1,无固定阵营，常为雇佣罪犯或独立反派,无,4,孤傲,0.022759158222915,0.0002217251307077,1,0.6505,pic\heroes\SHOCKER_HERMAN_SCHUL.jpg,0.2466
RED WOLF III/WILL TA,红狼三世/威尔·塔,男,正派,格斗,精通格斗技巧、追踪与生存技能，使用传统武器如弓箭和战斧，无超自然能力。,否,0,复仇者联盟,鹰眼,3,团队合作者,0.022759158222915,0.000341674332155,2,0.28,pic\pic/shield_logo.webp,0.5959
PHOENIX II,凤凰女二代,女,正派,宇宙能量,继承凤凰之力碎片，拥有强大的心灵感应、念动力和能量操控能力，能释放毁灭性宇宙火焰。,否,0,X战警,琴·葛蕾,8,孤傲,0.0226032735775526,0.0001163341986153,5,0.6311,pic\heroes\PHOENIX FORCE.jpg,0.2897
PLUTO [OLYMPIAN],冥王[奥林匹亚],非人类,反派,神力,作为希腊神话冥界之神，拥有操控死亡、灵魂、黑暗能量的神力，能召唤亡灵，掌控冥界领域。,否,0,奥林匹亚众神,无,9,孤傲,0.0226032735775526,0.0003385342827041,6,0.6621,pic\pic/shield_logo.webp,0.131
KRO [DEVIANT],克罗[异变族],非人类,反派,变异,异变族首领，拥有超强再生能力、变形能力、能量吸收和发射，能操控其他异变族。,是,1,异变族,天神族,8,孤傲,0.0226032735775526,0.000428097146,6,0.6696,pic\pic/shield_logo.webp,0.1172
"LANG, CASSANDRA CASS",凯西·朗,女,正派,科技,使用蚁人战衣，可缩小至亚原子级别并保留正常力量，控制蚂蚁等昆虫，通过皮姆粒子实现大小变化。,是,2,复仇者联盟,斯科特·朗,3,团队核心,0.0226032735775526,0.0003195653951423,2,0.5908,pic\pic/shield_logo.webp,0.3793
DAREDEVIL DOPPELGANG,夜魔侠复制体,男,反派,变异,拥有与夜魔侠完全相同的超感官能力，包括超级听觉、触觉、嗅觉、味觉及雷达感官，但缺乏夜魔侠的格斗技巧与道德准则。,否,0,无固定阵营,无,4,孤傲,0.0226032735775526,7.285619828126419e-05,5,0.268,pic\pic/shield_logo.webp,0.0897
TOMBSTONE/LONNIE THO,墓碑/朗尼·汤姆森,男,反派,变异,通过实验获得超强力量、速度、耐力，皮肤如石头般坚硬，牙齿锋利如獠牙。,否,0,无固定阵营，常作为雇佣反派或独立行动,无明确导师,6,孤傲/暴力倾向,0.0226032735775526,0.0006202986366842,1,0.7875,pic\pic/shield_logo.webp,0.1103
ROMA,罗马,女,正派,魔法,拥有强大的魔法能力，能操控现实、创造维度，是多元宇宙的守护者之一。,否,0,英国队长军团,梅林,8,孤傲,0.0226032735775526,0.0003741633248161,5,0.6328,pic\pic/shield_logo.webp,0.3103
MAN-KILLER/KATRINA L,杀人魔/卡特里娜·L,女,反派,科技,通过强化战斗服获得超级力量、速度和耐力，擅长格斗与暗杀，装备有致命武器。,否,0,无固定阵营（常作为雇佣兵或独立反派）,无,6,孤傲,0.0226032735775526,0.0002652524171708,12,0.618,pic\pic/shield_logo.webp,0.2069
"JONES, CHARLOTTE",夏洛特·琼斯,女,正派,变异,拥有超强的心灵感应能力，能够读取他人思想并进行精神攻击，同时具备预知未来的潜力。,否,0,X战警,X教授,5,内向谨慎,0.0224473889321901,0.000335898864493,5,0.6362,pic\pic/shield_logo.webp,0.3889
GREY GARGOYLE/PAUL P,灰石像鬼/保罗·皮埃尔·杜瓦尔,男,反派,魔法,通过触摸将生物或物体瞬间转化为石头，自身可石化并保持意识活动，拥有超强力量和耐久性。,否,0,无固定阵营，常作为独立反派或临时加入反派组织,无,7,孤傲,0.0224473889321901,0.0002660646066479,2,0.5917,pic\pic/shield_logo.webp,0.2222
"CORTEZ, FABIAN",法比安·科尔特斯,男,反派,科技,拥有超强体能、敏捷性和耐力，精通多种格斗技巧，配备高科技装备如能量武器和防护服。,否,0,九头蛇,红骷髅,4,忠诚执行者,0.0224473889321901,0.0001151840049793,5,0.5609,pic\pic/shield_logo.webp,0.1319
QUICKSAND,流沙,女,反派,变异,能够将身体转化为沙状物质，控制沙子进行攻击、防御和变形，并能通过沙子感知周围环境。,否,0,邪恶大师,暂无明确核心导师,5,孤傲,0.0222915042868277,0.0001268596019335,12,0.6042,pic\pic/shield_logo.webp,0.2098
KARKAS [DEVIANT],卡卡斯[异人族],非人类,中立,变异,拥有超强力量和耐力，皮肤坚硬如岩石，是异人族基因突变产物，智力相对较低。,否,0,异人族,黑蝠王,3,忠诚追随者,0.0222915042868277,0.000375928283929,6,0.6449,pic\pic/shield_logo.webp,0.035
"DRUMM, JERICHO",杰里科·德拉姆,男,反派,魔法,作为至尊法师的宿敌，精通黑魔法，能召唤恶魔、操控黑暗能量，并拥有强大的魔法攻击和防御能力。,否,0,无固定阵营，常作为独立反派或与黑暗势力合作,无明确导师，自学黑魔法,8,孤傲,0.0222915042868277,0.0019535450661815,2,0.3476,pic\pic/shield_logo.webp,0.1049
"TOWER, BLAKE",布莱克·托尔,男,反派,科技,拥有高科技装备和武器，擅长战术策划与电子战，具备出色的战斗技巧和领导能力。,否,0,九头蛇,红骷髅,7,孤傲,0.0221356196414653,0.0006989540842576,1,0.7185,pic\pic/shield_logo.webp,0.1197
MASTER/ESHU,大师/埃舒,男,反派,魔法,作为非洲巫毒神祇，拥有强大的魔法能力，包括变形、操控现实、召唤亡灵和制造幻象。,否,0,无固定核心阵营，常作为独立反派或与巫毒相关角色对抗,无,7,孤傲,0.0221356196414653,0.0003932663219818,5,0.6157,pic\pic/shield_logo.webp,0.169
HAMMERHEAD,锤头,男,反派,科技,通过手术将头骨替换为坚不可摧的金属，拥有超强头部撞击能力，精通街头格斗和枪械使用。,否,0,纽约黑帮/犯罪组织,无明确核心导师,4,冷酷/暴力/黑帮头目,0.0221356196414653,0.0003051376390966,1,0.6945,pic\pic/shield_logo.webp,0.2113
VOLCANA/MARSHA ROSEN,火山女/玛莎·罗森,女,反派,变异,身体可转化为熔岩形态，产生并操控高温岩浆，免疫火焰伤害。,否,0,邪恶大师,暂无明确核心导师,5,孤傲,0.0221356196414653,8.750015316840401e-05,2,0.4608,pic\pic/shield_logo.webp,0.2535
VALINOR,瓦林诺,非人类,中立,宇宙能量,作为宇宙实体，拥有操控现实、能量投射和跨维度旅行的能力，通常以星球形态存在。,否,0,宇宙实体/独立存在,无,8,孤傲,0.0221356196414653,0.0001757623742158,2,0.3063,pic\pic/shield_logo.webp,0.0352
NIGHTMARE/EDVARD HAB,梦魇/爱德华·哈布,非人类,反派,魔法,作为梦之维度的统治者，能操控梦境、入侵他人梦境、制造恐怖幻象，并利用恐惧增强自身力量。,否,0,无固定阵营,无,7,孤傲,0.0221356196414653,0.0006505141739278,9,0.7387,pic\pic/shield_logo.webp,0.0775
EBONY,埃博尼,非人类,反派,宇宙能量,拥有强大的宇宙能量操控能力，能进行空间传送、能量投射和精神控制，是灭霸的黑暗使者之一。,是,1,灭霸军团,灭霸,7,冷酷执行者,0.0221356196414653,0.0008160197342499,2,0.5054,pic\pic/shield_logo.webp,0.1761
"GREY, ELAINE",伊莱恩·格雷,女,正派,变异,拥有心灵感应、念动力、能量操控等强大变种能力，潜力巨大但需控制。,否,0,X战警,查尔斯·泽维尔,8,孤傲,0.0221356196414653,4.280818887309811e-05,5,0.509,pic\pic/shield_logo.webp,0.4085
LEGION II/DAVID HALL,军团二世/大卫·霍尔,男,反派,变异,拥有超强心灵感应和心灵控制能力，能操纵他人思想、制造幻觉，并能进行精神攻击。,否,0,地狱火俱乐部,塞巴斯蒂安·肖,7,孤傲,0.0221356196414653,6.431573656059525e-05,5,0.5339,pic\heroes\LEGION.jpg,0.1127
MASTERMIND/JASON WYN,大师/杰森·温,男,反派,变异,拥有强大的心灵感应能力，能制造逼真的幻觉、操控他人思想，并读取记忆。,否,0,地狱火俱乐部,塞巴斯蒂安·肖,8,阴谋家,0.0221356196414653,0.0003224885063875,5,0.617,pic\pic/shield_logo.webp,0.1831
CAPTAIN MARVEL III/G,惊奇队长III/G,女,正派,宇宙能量,拥有宇宙能量赋予的飞行、超强力量、能量吸收与释放、超光速飞行及宇宙感知能力。,否,0,复仇者联盟,惊奇队长（卡罗尔·丹弗斯）,7,团队核心,0.0221356196414653,0.0011395400088097,2,0.7495,pic\pic/shield_logo.webp,0.2676
IRONCLAD,铁甲,男,反派,变异,通过实验获得超强力量、耐力、皮肤硬化能力，能承受极端物理攻击，但精神不稳定。,否,0,邪恶大师,泽莫男爵,6,暴力冲动,0.0221356196414653,0.0001495753494429,2,0.5587,pic\pic/shield_logo.webp,0.1901
SERGEI,谢尔盖,男,反派,科技,通常指代“红卫兵”谢尔盖·克拉维诺夫，苏联时期改造的超级士兵，拥有超人的力量、速度、耐力和格斗技巧。,否,0,苏联超级士兵项目/红卫兵,无明确核心导师,4,孤傲/忠诚于国家,0.0219797349961028,0.0002547164936634,6,0.5646,pic\pic/shield_logo.webp,0.1489
M,M,女,正派,变异,拥有强大的心灵感应能力，能读取、操控他人思维，制造精神攻击，并具备飞行和能量投射能力。,否,0,X战警,X教授,6,孤傲,0.0219797349961028,0.0006342950761097,5,0.7181,pic\heroes\BUFFY SUMMERS.jpg,0.227
KRAVEN THE HUNTER/SE,猎人克莱文/谢尔盖·克拉维诺夫,男,反派,变异,通过饮用神秘药水获得超人类力量、速度、敏捷性和感官，精通狩猎技巧和格斗术，能短暂与动物沟通。,否,0,邪恶六人组,无,7,孤傲,0.0219797349961028,0.0003348940355129,1,0.5759,pic\pic/shield_logo.webp,0.1844
IRON MAN DOPPELGANGE,钢铁侠替身,非人类,反派,科技,由奥创创造的机器人，外形和能力模仿钢铁侠，拥有能量炮、飞行和战斗技能。,否,0,奥创军团,奥创,5,服从指令,0.0218238503507404,1.2537096686614089e-05,5,0.1991,pic\pic/shield_logo.webp,0.0929
PORCUPINE/ALEX GENTR,豪猪/亚历克斯·金特,男,反派,科技,身穿高科技豪猪战甲，具备超强防御、能量发射和近战攻击能力。,否,0,无固定阵营,无,4,孤傲,0.0218238503507404,0.0001159147877592,2,0.5156,pic\pic/shield_logo.webp,0.3
"COUNT NEFARIA, LUCHI",卢奇·内法里亚伯爵,男,反派,科技,通过离子能量强化获得超级力量、速度、耐力、飞行能力及能量投射，但依赖设备维持。,否,0,雷霆特工队/邪恶大师,无,8,孤傲,0.0218238503507404,0.0002159491704274,2,0.6662,pic\pic/shield_logo.webp,0.1143
STRANGER,陌生人,非人类,反派,宇宙能量,拥有近乎全能的神级力量，包括宇宙能量操控、物质重组、维度旅行、创造生命、心灵感应等，是宇宙级实体。,否,0,无固定阵营,无,10,孤傲,0.0218238503507404,0.0003054189861241,6,0.5501,pic\pic/shield_logo.webp,0.1643
BOVA,波娃,女,正派,变异,拥有牛头人身，具备超常力量、耐久力和智力，能进行心灵感应和跨维度感知。,否,0,英国队长军团,梅林,3,智慧守护者,0.0218238503507404,0.0002676153055489,2,0.6329,pic\pic/shield_logo.webp,0.3786
RED GUARDIAN V,红色守卫者五号,男,正派,科技,通过苏联超级士兵血清强化，拥有超人的力量、耐力、速度和反应能力，精通各种武器和格斗技巧。,是,1,苏联超级士兵计划,阿列克谢·肖斯塔科夫,4,忠诚战士,0.0218238503507404,0.0001290528325269,12,0.5565,pic\pic/shield_logo.webp,0.4071
MADAME MASQUE/GIULIE,面具夫人/朱莉,女,反派,科技/格斗,精通格斗技巧，使用高科技面具和武器，擅长伪装和间谍活动。,否,0,九头蛇/独立反派,无明确导师,6,孤傲/双重间谍,0.0218238503507404,0.0001121398886084,2,0.7015,pic\pic/shield_logo.webp,0.1286
S'YM,赛姆,非人类,反派,魔法,恶魔形态，拥有超强力量、耐力、飞行能力，并能操控黑暗能量和召唤恶魔仆从。,否,0,地狱火俱乐部,黑皇后塞勒涅,7,忠诚仆从,0.021667965705378,0.0001423481452786,5,0.5522,pic\pic/shield_logo.webp,0.1727
ANGAR THE SCREAMER/D,尖叫者安加尔/D,男,反派,变异,通过声波攻击，能发出高频尖叫，造成物理伤害和精神干扰，使目标痛苦或失去行动能力。,否,0,无固定核心阵营,无,4,孤傲,0.021667965705378,0.0001869681740737,2,0.6857,pic\pic/shield_logo.webp,0.2806
X-RAY,X射线,男,反派,变异,能够发射高强度X射线，穿透物体并造成伤害，自身对辐射有一定抵抗力。,否,0,无固定核心阵营（常作为雇佣反派或独立行动）,无明确导师,4,孤傲,0.021667965705378,0.0001445462351144,2,0.5517,pic\pic/shield_logo.webp,0.1942
CLOWN/CRAFTY ELIOT F,小丑/狡猾的埃利奥特·F,男,反派,科技,精通各种高科技装备和武器，擅长制造混乱和恐怖袭击，无超自然能力。,否,0,无固定阵营,无,4,孤傲,0.021667965705378,0.0002594865192031,12,0.6213,pic\pic/shield_logo.webp,0.1223
"MCLAREN, MEGAN",梅根·麦克拉伦,女,反派,科技,精通先进科技装备，擅长使用高科技武器和战术，具备出色的战斗技巧和情报分析能力。,否,0,九头蛇,红骷髅,4,双重间谍,0.021667965705378,7.992592769577239e-05,2,0.4724,pic\pic/shield_logo.webp,0.1583
ARCLIGHT/PHILLIPA SO,弧光/菲利帕·索,女,反派,变异,通过跺脚或拍手产生强大的地震波，能震碎建筑物、引发地面裂缝，并造成眩晕效果。,否,0,掠夺者,万磁王,6,忠诚追随者,0.021667965705378,0.000155612114343,5,0.5813,pic\pic/shield_logo.webp,0.2446
EXODUS/BENNET DUPARI,出埃及记/本内特·杜帕里,男,反派,变异,拥有强大的心灵感应和心灵控制能力，能进行精神攻击、制造幻象、读取思想，并具备飞行和能量投射能力。,否,0,变种人兄弟会,万磁王,8,狂热信徒,0.0215120810600155,9.630241270764772e-05,5,0.559,pic\pic/shield_logo.webp,0.1667
"ROSS, EVERETT KENNET",埃弗雷特·肯尼特·罗斯,男,正派,格斗,无超能力，但精通军事战术、格斗技巧和武器使用，是经验丰富的特种部队指挥官。,是,约3部,美国军方/联合国特别行动组,无明确核心导师,3,纪律严明/忠诚可靠/军方作风,0.0215120810600155,0.0002199491172443,1,0.6459,pic\pic/shield_logo.webp,0.3188
GAMMENON [CELESTIAL],伽玛农[天神],非人类,中立,宇宙能量,作为天神组成员，拥有创造和毁灭星系的宇宙级力量，能操控能量和物质，近乎不朽。,否,0,天神组,无,10,孤傲,0.0215120810600155,0.0001782174713617,6,0.5642,pic\pic/shield_logo.webp,0.058
BLACK TOM CASSIDY,黑汤姆·卡西迪,男,反派,变异,能控制植物生长，与植物共生并从中汲取能量，增强力量与耐力，可发射能量冲击波。,否,0,地狱火俱乐部,塞巴斯蒂安·肖,6,孤傲,0.0215120810600155,0.0001834086395011,5,0.6448,pic\pic/shield_logo.webp,0.1304
COLLECTIVE MAN,集体人,男,反派,变异,由五胞胎兄弟组成，可合体为巨大战士，共享感官与思维，力量、速度、耐力大幅增强。,否,0,人民保卫力量,无,4,团队协作,0.0215120810600155,0.000166658805241,2,0.1217,pic\pic/shield_logo.webp,0.1304
DEFENSOR,防御者,男,正派,科技,通过高科技装甲获得飞行、能量护盾、能量冲击波和超强防御力，擅长战术分析和团队支援。,否,0,复仇者联盟,托尼·斯塔克,3,团队支援,0.0213561964146531,1.0725552256116192e-05,2,0.1087,pic\heroes\DEFENSOR.jpg,0.6788
"PEREGRINE, LE/FRANCK",游隼/弗兰克·勒,男,反派,科技,使用高科技飞行翼进行空中作战，配备能量武器和增强型装甲，具备出色的飞行机动性和战术打击能力。,否,0,九头蛇,红骷髅,6,忠诚执行者,0.0213561964146531,0.0003656295035324,2,0.2135,pic\pic/shield_logo.webp,0.1387
"BANNON, LANCE",兰斯·班农,男,反派,科技,精通先进武器和战术装备，擅长使用高科技武器和装甲进行战斗，具备出色的战略指挥能力。,否,0,九头蛇,红骷髅,6,冷酷高效,0.0213561964146531,7.89047447256533e-05,1,0.6406,pic\pic/shield_logo.webp,0.219
CERISE II [SHI'AR],樱桃二世[希阿],女,正派,宇宙能量,能够操控宇宙能量，形成能量护盾和能量攻击，具备飞行能力，是希阿帝国皇家卫队成员。,否,0,希阿帝国皇家卫队,无明确核心导师,4,忠诚战士,0.0213561964146531,0.0001211422606008,5,0.487,pic\pic/shield_logo.webp,0.4453
VECTOR,矢量,男,反派,变异,能够控制物体运动的方向和速度，包括子弹、车辆等，使其按自己意愿移动。,否,0,邪恶大师,暂无明确导师,5,孤傲,0.0213561964146531,0.0001027713999312,2,0.5379,pic\pic/shield_logo.webp,0.1971
SLEEPWALKER,梦游者,男,正派,魔法,能够进入并操控他人的梦境，在梦境中拥有超强力量，并能将梦境中的事物部分带入现实。,否,0,午夜之子,奇异博士,4,孤傲,0.0213561964146531,0.0013676999559978,8,0.6179,pic\pic/shield_logo.webp,0.3577
