hero_name,chinese_name,current_image,matched_image,strategy,confidence,status
CAPTAIN AMERICA,美国队长,CAPTAIN_AMERICA.jpg,CAPTAIN_AMERICA.jpg,手动映射,100.0%,手动映射
IRON MAN/TONY STARK,钢铁侠/托尼·斯塔克,IRON_MAN_TONY_STARK.jpg,IRON_MAN_TONY_STARK.jpg,手动映射,100.0%,手动映射
THING/BENJAMIN J. GR,石头人/本杰明·雅各布·格林,THING_BENJAMIN_J__GR.jpg,THING_BENJAMIN_J__GR.jpg,手动映射,100.0%,手动映射
MR. FANTASTIC/REED R,神奇先生/里德·理查兹,MR__FANTASTIC_REED_R.jpg,MR__FANTASTIC_REED_R.jpg,手动映射,100.0%,手动映射
WOLVERINE/LOGAN,金刚狼/罗根,WOLVERINE_LOGAN.jpg,WOLVERINE_LOGAN.jpg,手动映射,100.0%,手动映射
HUMAN TORCH/JOHNNY S,霹雳火/约翰尼·斯托姆,HUMAN_TORCH_JOHNNY_S.jpg,HUMAN_TORCH_JOHNNY_S.jpg,手动映射,100.0%,手动映射
SCARLET WITCH/WANDA,绯红女巫/旺达·马克西莫夫,SCARLET_WITCH_WANDA.jpg,SCARLET_WITCH_WANDA.jpg,手动映射,100.0%,手动映射
THOR/DR. DONALD BLAK,雷神/唐纳德·布莱克博士,THOR_DR__DONALD_BLAK.jpg,THOR_DR__DONALD_BLAK.jpg,手动映射,100.0%,手动映射
BEAST/HENRY &HANK& P,野兽/亨利·菲利普·“汉克”·麦考伊,BEAST_HENRY__HANK__P.jpg,BEAST_HENRY__HANK__P.jpg,手动映射,100.0%,手动映射
VISION,幻视,VISION.jpg,VISION.jpg,精确匹配(完整),100.0%,精确匹配
INVISIBLE WOMAN/SUE,隐形女侠/苏珊·斯托姆,INVISIBLE_WOMAN_SUE.jpg,INVISIBLE_WOMAN_SUE.jpg,手动映射,100.0%,手动映射
HAWK,鹰眼,HAWK.jpg,HAWK.jpg,精确匹配(完整),100.0%,精确匹配
WASP/JANET VAN DYNE,黄蜂女/珍妮特·范·戴因,WASP_JANET_VAN_DYNE.jpg,WASP_JANET_VAN_DYNE.jpg,手动映射,100.0%,手动映射
ANT-MAN/DR. HENRY J.,蚁人/亨利·乔纳森·皮姆博士,ANT-MAN_DR__HENRY_J_.jpg,ANT-MAN_DR__HENRY_J_.jpg,手动映射,100.0%,手动映射
CYCLOPS/SCOTT SUMMER,镭射眼/斯科特·萨默斯,CYCLOPS_SCOTT_SUMMER.jpg,CYCLOPS_SCOTT_SUMMER.jpg,手动映射,100.0%,手动映射
SHE-HULK/JENNIFER WA,女浩克/詹妮弗·沃尔特斯,SHE-HULK_JENNIFER_WA.jpg,SHE-HULK_JENNIFER_WA.jpg,手动映射,100.0%,手动映射
STORM/ORORO MUNROE S,暴风女/奥萝洛·门罗,STORM_ORORO_MUNROE_S.jpg,STORM_ORORO_MUNROE_S.jpg,手动映射,100.0%,手动映射
ANGEL/WARREN KENNETH,天使/沃伦·肯尼思·沃辛顿三世,ANGEL_WARREN_KENNETH.jpg,ANGEL_WARREN_KENNETH.jpg,手动映射,100.0%,手动映射
DR. STRANGE/STEPHEN,奇异博士/史蒂芬·斯特兰奇,DR__STRANGE_STEPHEN.jpg,DR__STRANGE_STEPHEN.jpg,手动映射,100.0%,手动映射
HULK/DR. ROBERT BRUC,绿巨人/布鲁斯·班纳博士,HULK_DR__ROBERT_BRUC.jpg,HULK_DR__ROBERT_BRUC.jpg,手动映射,100.0%,手动映射
PROFESSOR X/CHARLES,X教授/查尔斯·泽维尔,PROFESSOR_X_CHARLES.jpg,PROFESSOR_X_CHARLES.jpg,手动映射,100.0%,手动映射
WONDER MAN/SIMON WIL,神力人/西蒙·威廉姆斯,WONDER_MAN_SIMON_WIL.jpg,WONDER_MAN_SIMON_WIL.jpg,手动映射,100.0%,手动映射
COLOSSUS II/PETER RA,钢力士/彼得·拉斯普廷,COLOSSUS_II_PETER_RA.jpg,COLOSSUS_II_PETER_RA.jpg,手动映射,100.0%,手动映射
MARVEL GIRL/JEAN GRE,惊奇女孩/琴·葛蕾,MARVEL_GIRL_JEAN_GRE.jpg,MARVEL_GIRL_JEAN_GRE.jpg,手动映射,100.0%,手动映射
HERCULES [GREEK GOD],赫拉克勒斯,HERCULES__GREEK_GOD_.jpg,HERCULES__GREEK_GOD_.jpg,手动映射,100.0%,手动映射
"JARVIS, EDWIN",埃德温·贾维斯,JARVIS__EDWIN.jpg,JARVIS__EDWIN.jpg,手动映射,100.0%,手动映射
SUB-MARINER/NAMOR MA,纳摩/纳摩·麦肯齐,SUB-MARINER_NAMOR_MA.jpg,SUB-MARINER_NAMOR_MA.jpg,手动映射,100.0%,手动映射
DAREDEVIL/MATT MURDO,夜魔侠/马修·默多克,DAREDEVIL_MATT_MURDO.jpg,DAREDEVIL_MATT_MURDO.jpg,手动映射,100.0%,手动映射
ICEMAN/ROBERT BOBBY,冰人/罗伯特·路易斯·德雷克,ICEMAN_ROBERT_BOBBY.jpg,ICEMAN_ROBERT_BOBBY.jpg,手动映射,100.0%,手动映射
"FURY, COL. NICHOLAS",尼克·弗瑞,FURY__COL__NICHOLAS.jpg,FURY__COL__NICHOLAS.jpg,手动映射,100.0%,手动映射
BLACK WIDOW/NATASHA,黑寡妇/娜塔莎·罗曼诺夫,BLACK_WIDOW_NATASHA.jpg,BLACK_WIDOW_NATASHA.jpg,手动映射,100.0%,手动映射
"JAMESON, J. JONAH",J·乔纳·詹姆森,JAMESON__J__JONAH.jpg,JAMESON__J__JONAH.jpg,手动映射,100.0%,手动映射
QUICKSILVER/PIETRO M,快银/皮特罗·马克西莫夫,QUICKSILVER_PIETRO_M.jpg,QUICKSILVER_PIETRO_M.jpg,手动映射,100.0%,手动映射
NIGHTCRAWLER/KURT WA,夜行者/科特·瓦格纳,NIGHTCRAWLER_KURT_WA.jpg,NIGHTCRAWLER_KURT_WA.jpg,手动映射,100.0%,手动映射
"WATSON-PARKER, MARY",玛丽·简·沃森-帕克,WATSON-PARKER__MARY.jpg,WATSON-PARKER__MARY.jpg,建议检查(94.7%),94.7%,建议检查
HAVOK/ALEX SUMMERS,浩劫/亚历克斯·萨默斯,HAVOK_ALEX_SUMMERS.jpg,HAVOK_ALEX_SUMMERS.jpg,手动映射,100.0%,手动映射
BLACK KNIGHT V/DANE,黑骑士五世/戴恩·惠特曼,BLACK_KNIGHT_V_DANE.jpg,BLACK_KNIGHT_V_DANE.jpg,精确匹配(完整),100.0%,精确匹配
QUASAR III/WENDELL V,类星体三世/温德尔·沃恩,QUASAR_III_WENDELL_V.jpg,QUASAR_III_WENDELL_V.jpg,手动映射,100.0%,手动映射
SHADOWCAT/KATHERINE,幻影猫/凯瑟琳·安妮·普莱德,SHADOWCAT_KATHERINE.jpg,SHADOWCAT_KATHERINE.jpg,手动映射,100.0%,手动映射
BLACK PANTHER/T'CHAL,黑豹/特查拉,BLACK_PANTHER_T_CHAL.jpg,BLACK_PANTHER_T_CHAL.jpg,手动映射,100.0%,手动映射
CRYSTAL [INHUMAN],水晶,CRYSTAL__INHUMAN_.jpg,CRYSTAL__INHUMAN_.jpg,手动映射,100.0%,手动映射
PSYLOCKE/ELISABETH B,灵蝶/伊丽莎白·布拉多克,PSYLOCKE_ELISABETH_B.jpg,PSYLOCKE_ELISABETH_B.jpg,精确匹配(完整),100.0%,精确匹配
NOVA/RICHARD RIDER,新星/理查德·赖德,NOVA_RICHARD_RIDER.jpg,NOVA_RICHARD_RIDER.jpg,手动映射,100.0%,手动映射
SILVER SURFER/NORRIN,银影侠/诺林·拉德,SILVER_SURFER_NORRIN.jpg,SILVER_SURFER_NORRIN.jpg,手动映射,100.0%,手动映射
DR. DOOM/VICTOR VON,毁灭博士/维克多·冯·杜姆,DR__DOOM_VICTOR_VON.jpg,DR__DOOM_VICTOR_VON.jpg,手动映射,100.0%,手动映射
"ROBERTSON, JOE",乔·罗伯逊,ROBERTSON__JOE.svg,ROBERTSON__JOE.svg,精确匹配(完整),100.0%,精确匹配
CANNONBALL II/SAM GU,加农炮二世/山姆·顾,CANNONBALL_II_SAM_GU.jpg,CANNONBALL_II_SAM_GU.jpg,手动映射,100.0%,手动映射
"RICHARDS, FRANKLIN B",富兰克林·本杰明·理查兹,RICHARDS__FRANKLIN_B.jpg,RICHARDS__FRANKLIN_B.jpg,精确匹配(完整),100.0%,精确匹配
FIRESTAR/ANGELICA JO,火星/安吉莉卡·乔,FIRESTAR_ANGELICA_JO.jpg,FIRESTAR_ANGELICA_JO.jpg,手动映射,100.0%,手动映射
GAMBIT/REMY LEBEAU,牌皇/雷米·勒博,GAMBIT_REMY_LEBEAU.jpg,GAMBIT_REMY_LEBEAU.jpg,手动映射,100.0%,手动映射
"CAGE, LUKE/CARL LUCA",卢克·凯奇/卡尔·卢卡斯,CAGE__LUKE_CARL_LUCA.jpg,CAGE__LUKE_CARL_LUCA.jpg,手动映射,100.0%,手动映射
NAMORITA/NITA PRENTI,纳摩丽塔/妮塔·普伦蒂,NAMORITA_NITA_PRENTI.jpg,NAMORITA_NITA_PRENTI.jpg,精确匹配(完整),100.0%,精确匹配
USAGENT/CAPTAIN JOHN,美国特工/约翰·沃克,USAGENT_CAPTAIN_JOHN.jpg,USAGENT_CAPTAIN_JOHN.jpg,精确匹配(完整),100.0%,精确匹配
"SUMMERS, NATHAN CHRI",镭射眼/斯科特·萨默斯,SUMMERS__NATHAN_CHRI.jpg,SUMMERS__NATHAN_CHRI.jpg,精确匹配(完整),100.0%,精确匹配
SERSI/SYLVIA,西尔维,SERSI_SYLVIA.svg,SERSI_SYLVIA.svg,手动映射,100.0%,手动映射
MOONDRAGON/HEATHER D,月龙/希瑟·道格拉斯,MOONDRAGON_HEATHER_D.svg,MOONDRAGON_HEATHER_D.svg,手动映射,100.0%,手动映射
POLARIS/LORNA DANE,北极星/洛娜·戴恩,POLARIS_LORNA_DANE.jpg,POLARIS_LORNA_DANE.jpg,手动映射,100.0%,手动映射
IRON FIST/DANIEL RAN,铁拳/丹尼尔·兰德,IRON_FIST_DANIEL_RAN.jpg,IRON_FIST_DANIEL_RAN.jpg,手动映射,100.0%,手动映射
FALCON/SAM WILSON,猎鹰/山姆·威尔逊,FALCON_SAM_WILSON.jpg,FALCON_SAM_WILSON.jpg,手动映射,100.0%,手动映射
"COOPER, DR. VALERIE",瓦莱丽·库珀博士,COOPER__DR__VALERIE.jpg,COOPER__DR__VALERIE.jpg,手动映射,100.0%,手动映射
"JONES, RICHARD MILHO",理查德·米尔豪·琼斯,JONES__RICHARD_MILHO.jpg,JONES__RICHARD_MILHO.jpg,手动映射,100.0%,手动映射
BINARY/CAROL DANVERS,二进制/卡罗尔·丹弗斯,BINARY_CAROL_DANVERS.jpg,BINARY_CAROL_DANVERS.jpg,手动映射,100.0%,手动映射
WOLFSBANE/RAHNE SINC,狼毒/拉赫妮·辛克,WOLFSBANE_RAHNE_SINC.jpg,WOLFSBANE_RAHNE_SINC.jpg,手动映射,100.0%,手动映射
THUNDERSTRIKE/ERIC K,雷霆打击/埃里克·K,THUNDERSTRIKE_ERIC_K.jpg,THUNDERSTRIKE_ERIC_K.jpg,手动映射,100.0%,手动映射
CAPTAIN MARVEL II/MO,惊奇队长II/莫妮卡·兰博,CAPTAIN_MARVEL_II_MO.jpg,CAPTAIN_MARVEL_II_MO.jpg,手动映射,100.0%,手动映射
MAGNETO/MAGNUS/ERIC,万磁王/马克斯·艾森哈特/埃里克·兰谢尔,MAGNETO_MAGNUS_ERIC.jpg,MAGNETO_MAGNUS_ERIC.jpg,精确匹配(完整),100.0%,精确匹配
UATU,观察者乌阿图,UATU.svg,UATU.svg,精确匹配(完整),100.0%,精确匹配
MOCKINGBIRD/DR. BARB,仿声鸟/芭芭拉·莫尔斯,MOCKINGBIRD_DR__BARB.jpg,MOCKINGBIRD_DR__BARB.jpg,精确匹配(完整),100.0%,精确匹配
SUNSPOT/ROBERTO DACO,太阳黑子/罗伯托·达科斯塔,SUNSPOT_ROBERTO_DACO.jpg,SUNSPOT_ROBERTO_DACO.jpg,手动映射,100.0%,手动映射
TIGRA/GREER NELSON,虎女/格里尔·纳尔逊,TIGRA_GREER_NELSON.jpg,TIGRA_GREER_NELSON.jpg,精确匹配(完整),100.0%,精确匹配
SPEEDBALL/ROBBIE BAL,速球/罗比·鲍德温,SPEEDBALL_ROBBIE_BAL.svg,SPEEDBALL_ROBBIE_BAL.svg,精确匹配(完整),100.0%,精确匹配
BANSHEE/SEAN CASSIDY,嚎叫/肖恩·卡西迪,BANSHEE_SEAN_CASSIDY.jpg,BANSHEE_SEAN_CASSIDY.jpg,手动映射,100.0%,手动映射
"DUGAN, TIMOTHY ALOYI",蒂莫西·阿洛伊·杜根,DUGAN__TIMOTHY_ALOYI.jpg,DUGAN__TIMOTHY_ALOYI.jpg,手动映射,100.0%,手动映射
"NELSON, FRANKLIN FOG",富兰克林·福格·纳尔逊,NELSON__FRANKLIN_FOG.jpg,NELSON__FRANKLIN_FOG.jpg,精确匹配(完整),100.0%,精确匹配
JUSTICE II/VANCE AST,正义二世/万斯·阿斯特,JUSTICE_II_VANCE_AST.jpg,JUSTICE_II_VANCE_AST.jpg,手动映射,100.0%,手动映射
"PARKER, MAY",梅·帕克,PARKER__MAY.jpg,PARKER__MAY.jpg,手动映射,100.0%,手动映射
PUNISHER II/FRANK CA,惩罚者II/弗兰克·卡索,PUNISHER_II_FRANK_CA.jpg,PUNISHER_II_FRANK_CA.jpg,手动映射,100.0%,手动映射
DR. DRUID/ANTHONY LU,德鲁伊德博士/安东尼·卢,DR__DRUID_ANTHONY_LU.svg,DR__DRUID_ANTHONY_LU.svg,精确匹配(完整),100.0%,精确匹配
FORGE,锻造者,FORGE.jpg,FORGE.jpg,精确匹配(完整),100.0%,精确匹配
IRON MAN IV/JAMES R.,钢铁侠四代/詹姆斯·R·罗兹,IRON_MAN_IV_JAMES_R_.jpg,IRON_MAN_IV_JAMES_R_.jpg,高置信度匹配(97.4%),97.4%,高置信度
CAPTAIN BRITAIN/BRIA,英国队长/布里亚,CAPTAIN_BRITAIN_BRIA.jpg,CAPTAIN_BRITAIN_BRIA.jpg,手动映射,100.0%,手动映射
STARFOX/EROS,星狐/厄洛斯,STARFOX_EROS.jpg,STARFOX_EROS.jpg,手动映射,100.0%,手动映射
SASQUATCH/WALTER LAN,大脚怪/沃尔特·兰,SASQUATCH_WALTER_LAN.jpg,SASQUATCH_WALTER_LAN.jpg,手动映射,100.0%,手动映射
"MACTAGGERT, MOIRA KI",莫伊拉·金·麦克塔格特,MACTAGGERT__MOIRA_KI.svg,MACTAGGERT__MOIRA_KI.svg,手动映射,100.0%,手动映射
THUNDERBIRD II/JAMES,雷霆鸟二世/詹姆斯·普罗迪,THUNDERBIRD_II_JAMES.jpg,THUNDERBIRD_II_JAMES.jpg,手动映射,100.0%,手动映射
JUBILEE/JUBILATION L,欢欢/朱比莉,JUBILEE_JUBILATION_L.jpg,JUBILEE_JUBILATION_L.jpg,手动映射,100.0%,手动映射
MEDUSA/MEDUSALITH AM,美杜莎/美杜莎莉丝·阿姆,MEDUSA_MEDUSALITH_AM.jpg,MEDUSA_MEDUSALITH_AM.jpg,手动映射,100.0%,手动映射
BEETLE/ABNER RONALD,甲虫/阿布纳·罗纳德,BEETLE_ABNER_RONALD.jpg,BEETLE_ABNER_RONALD.jpg,精确匹配(完整),100.0%,精确匹配
KARNAK [INHUMAN],卡尔纳克,KARNAK__INHUMAN_.svg,KARNAK__INHUMAN_.svg,手动映射,100.0%,手动映射
BLACK BOLT/BLACKANTO,黑蝠王/布莱克·博尔特,BLACK_BOLT_BLACKANTO.jpg,BLACK_BOLT_BLACKANTO.jpg,手动映射,100.0%,手动映射
WONG,王,WONG.svg,WONG.svg,手动映射,100.0%,手动映射
KINGPIN/WILSON FISK,金并/威尔逊·菲斯克,KINGPIN_WILSON_FISK.jpg,KINGPIN_WILSON_FISK.jpg,手动映射,100.0%,手动映射
GORGON [INHUMAN],戈耳工,GORGON__INHUMAN_.svg,GORGON__INHUMAN_.svg,手动映射,100.0%,手动映射
"MASTERS, ALICIA REIS",艾丽西亚·雷斯·马斯特斯,MASTERS__ALICIA_REIS.jpg,MASTERS__ALICIA_REIS.jpg,精确匹配(完整),100.0%,精确匹配
BOOMER/TABITHA SMITH,布姆/塔比莎·史密斯,BOOMER_TABITHA_SMITH.jpg,BOOMER_TABITHA_SMITH.jpg,精确匹配(完整),100.0%,精确匹配
SCREAMING MIMI/MELIS,尖叫女妖/梅莉斯,SCREAMING_MIMI_MELIS.jpg,SCREAMING_MIMI_MELIS.jpg,精确匹配(完整),100.0%,精确匹配
MOONSTONE II/KARLA S,月光石二代/卡拉·索芬,MOONSTONE_II_KARLA_S.jpg,MOONSTONE_II_KARLA_S.jpg,精确匹配(完整),100.0%,精确匹配
LOKI [ASGARDIAN],洛基,LOKI__ASGARDIAN_.jpg,LOKI__ASGARDIAN_.jpg,手动映射,100.0%,手动映射
SHAMAN/MICHAEL TWOYO,萨满/迈克尔·图约,SHAMAN_MICHAEL_TWOYO.jpg,SHAMAN_MICHAEL_TWOYO.jpg,精确匹配(完整),100.0%,精确匹配
ODIN [ASGARDIAN],奥丁,ODIN__ASGARDIAN_.jpg,ODIN__ASGARDIAN_.jpg,高置信度匹配(96.8%),96.8%,高置信度
BLOB/FRED J. DUKES,肉球/弗雷德·J·杜克斯,BLOB_FRED_J__DUKES.jpg,BLOB_FRED_J__DUKES.jpg,精确匹配(完整),100.0%,精确匹配
POWER MAN/ERIK JOSTE,神力侠/埃里克·乔斯特,POWER_MAN_ERIK_JOSTE.jpg,POWER_MAN_ERIK_JOSTE.jpg,精确匹配(完整),100.0%,精确匹配
TRITON,特里同,TRITON.jpg,TRITON.jpg,精确匹配(完整),100.0%,精确匹配
NORTHSTAR/JEAN-PAUL,北极星/让-保罗·博利尔,NORTHSTAR_JEAN-PAUL.jpg,NORTHSTAR_JEAN-PAUL.jpg,建议检查(94.7%),94.7%,建议检查
"LEEDS, BETTY BRANT",贝蒂·布兰特·利兹,LEEDS__BETTY_BRANT.svg,LEEDS__BETTY_BRANT.svg,精确匹配(完整),100.0%,精确匹配
SPIDER-WOMAN II/JULI,蜘蛛女侠II/朱莉,SPIDER-WOMAN_II_JULI.jpg,SPIDER-WOMAN_II_JULI.jpg,高置信度匹配(95.0%),95.0%,高置信度
ANT-MAN II/SCOTT HAR,蚁人II/斯科特·朗,ANT-MAN_II_SCOTT_HAR.jpg,ANT-MAN_II_SCOTT_HAR.jpg,高置信度匹配(95.0%),95.0%,高置信度
"URICH, BEN",本·尤里克,URICH__BEN.jpg,URICH__BEN.jpg,精确匹配(完整),100.0%,精确匹配
AURORA/JEANNE-MARIE,极光/珍妮-玛丽,AURORA_JEANNE-MARIE.jpg,AURORA_JEANNE-MARIE.jpg,建议检查(94.7%),94.7%,建议检查
"GYRICH, HENRY PETER",亨利·彼得·吉里奇,GYRICH__HENRY_PETER.jpg,GYRICH__HENRY_PETER.jpg,精确匹配(完整),100.0%,精确匹配
MIRAGE II/DANIELLE M,幻影二代/丹妮尔·M,MIRAGE_II_DANIELLE_M.svg,MIRAGE_II_DANIELLE_M.svg,精确匹配(完整),100.0%,精确匹配
PHOENIX III/RACHEL S,凤凰三/瑞秋·萨默斯,PHOENIX_III_RACHEL_S.jpg,PHOENIX_III_RACHEL_S.jpg,精确匹配(完整),100.0%,精确匹配
GALACTUS/GALAN,行星吞噬者/加兰,GALACTUS_GALAN.jpg,GALACTUS_GALAN.jpg,精确匹配(完整),100.0%,精确匹配
MEPHISTO,墨菲斯托,MEPHISTO.jpg,MEPHISTO.jpg,精确匹配(完整),100.0%,精确匹配
MYSTIQUE/RAVEN DARKH,魔形女/瑞雯·达克霍姆,MYSTIQUE_RAVEN_DARKH.jpg,MYSTIQUE_RAVEN_DARKH.jpg,精确匹配(完整),100.0%,精确匹配
LOCKJAW [INHUMAN],锁齿狗,LOCKJAW__INHUMAN_.svg,LOCKJAW__INHUMAN_.svg,高置信度匹配(97.0%),97.0%,高置信度
"HUDSON, HEATHER",希瑟·哈德森,HUDSON__HEATHER.svg,HUDSON__HEATHER.svg,精确匹配(完整),100.0%,精确匹配
WHITE QUEEN/EMMA FRO,白皇后/艾玛·弗罗斯特,WHITE_QUEEN_EMMA_FRO.jpg,WHITE_QUEEN_EMMA_FRO.jpg,精确匹配(完整),100.0%,精确匹配
HOGUN [ASGARDIAN],霍根（仙宫战士）,HOGUN__ASGARDIAN_.svg,HOGUN__ASGARDIAN_.svg,高置信度匹配(97.0%),97.0%,高置信度
FANDRAL [ASGARDIAN],范达尔（阿斯加德人）,FANDRAL__ASGARDIAN_.svg,FANDRAL__ASGARDIAN_.svg,高置信度匹配(97.3%),97.3%,高置信度
"NORRISS, SISTER BARB",芭芭修女,NORRISS__SISTER_BARB.jpg,NORRISS__SISTER_BARB.jpg,精确匹配(完整),100.0%,精确匹配
NIGHT THRASHER/DUANE,夜行侠/杜安,NIGHT_THRASHER_DUANE.jpg,NIGHT_THRASHER_DUANE.jpg,精确匹配(完整),100.0%,精确匹配
SIF,希芙,SIF.jpg,SIF.jpg,精确匹配(完整),100.0%,精确匹配
SUNFIRE/SHIRO YOSHID,太阳火/志志雄真实,SUNFIRE_SHIRO_YOSHID.svg,SUNFIRE_SHIRO_YOSHID.svg,精确匹配(完整),100.0%,精确匹配
SANDMAN/WILLIAM BAKE,沙人/威廉·贝克,SANDMAN_WILLIAM_BAKE.jpg,SANDMAN_WILLIAM_BAKE.jpg,精确匹配(完整),100.0%,精确匹配
DAZZLER II/ALLISON B,炫光女侠II/艾莉森·B,DAZZLER_II_ALLISON_B.jpg,DAZZLER_II_ALLISON_B.jpg,精确匹配(完整),100.0%,精确匹配
THANOS,灭霸,THANOS.jpg,THANOS.jpg,精确匹配(完整),100.0%,精确匹配
PHARAOH RAMA-TUT,法老拉玛图特,PHARAOH_RAMA-TUT.jpg,PHARAOH_RAMA-TUT.jpg,建议检查(93.8%),93.8%,建议检查
PUCK/EUGENE MILTON J,帕克/尤金·米尔顿·J,PUCK_EUGENE_MILTON_J.jpg,PUCK_EUGENE_MILTON_J.jpg,精确匹配(完整),100.0%,精确匹配
SIRYN/THERESA ROURKE,女妖/特蕾莎·鲁尔克,SIRYN_THERESA_ROURKE.jpg,SIRYN_THERESA_ROURKE.jpg,精确匹配(完整),100.0%,精确匹配
HELLCAT/PATSY WALKER,地狱猫/帕齐·沃克,HELLCAT_PATSY_WALKER.jpg,HELLCAT_PATSY_WALKER.jpg,精确匹配(完整),100.0%,精确匹配
BISHOP /,毕肖普 / 卢卡斯·毕肖普,BISHOP__.jpg,BISHOP__.jpg,建议检查(85.7%),85.7%,建议检查
SPIDER-MAN CLONE/BEN,蜘蛛侠克隆体/本·莱利,SPIDER-MAN_CLONE_BEN.jpg,SPIDER-MAN_CLONE_BEN.jpg,高置信度匹配(95.0%),95.0%,高置信度
"HARKNESS, AGATHA",阿加莎·哈克尼斯,HARKNESS__AGATHA.svg,HARKNESS__AGATHA.svg,精确匹配(完整),100.0%,精确匹配
BALDER [ASGARDIAN],巴尔德尔,BALDER__ASGARDIAN_.svg,BALDER__ASGARDIAN_.svg,高置信度匹配(97.1%),97.1%,高置信度
DARKHAWK/CHRIS POWEL,暗鹰/克里斯·鲍威尔,DARKHAWK_CHRIS_POWEL.jpg,DARKHAWK_CHRIS_POWEL.jpg,精确匹配(完整),100.0%,精确匹配
VOLSTAGG,沃斯塔格,VOLSTAGG.svg,VOLSTAGG.svg,精确匹配(完整),100.0%,精确匹配
LIVING LIGHTNING/MIG,活体闪电/米格尔·桑托斯,LIVING_LIGHTNING_MIG.jpg,LIVING_LIGHTNING_MIG.jpg,精确匹配(完整),100.0%,精确匹配
"THOMPSON, EUGENE FLA",尤金·“闪电”·汤普森,THOMPSON__EUGENE_FLA.jpg,THOMPSON__EUGENE_FLA.jpg,精确匹配(完整),100.0%,精确匹配
"BANNER, BETTY ROSS T",贝蒂·罗斯·塔尔博特,BANNER__BETTY_ROSS_T.jpg,BANNER__BETTY_ROSS_T.jpg,精确匹配(完整),100.0%,精确匹配
HUMAN TORCH ANDROID/,霹雳火机器人,HUMAN_TORCH_ANDROID_.jpg,HUMAN_TORCH_ANDROID_.jpg,高置信度匹配(97.4%),97.4%,高置信度
CITIZEN V II/HELMUT,公民V二世/赫尔穆特,CITIZEN_V_II_HELMUT.jpg,CITIZEN_V_II_HELMUT.jpg,精确匹配(完整),100.0%,精确匹配
LILANDRA NERAMANI [S,莉兰德拉·尼拉玛尼,LILANDRA_NERAMANI__S.svg,LILANDRA_NERAMANI__S.svg,精确匹配(完整),100.0%,精确匹配
DOMINO III/BEATRICE/,多米诺三世/碧翠丝,DOMINO_III_BEATRICE_.jpg,DOMINO_III_BEATRICE_.jpg,高置信度匹配(97.4%),97.4%,高置信度
HIGH EVOLUTIONARY/HE,至高进化/赫伯特·温德姆,HIGH_EVOLUTIONARY_HE.jpg,HIGH_EVOLUTIONARY_HE.jpg,精确匹配(完整),100.0%,精确匹配
"CARTER, PEGGY",佩吉·卡特,CARTER__PEGGY.jpg,CARTER__PEGGY.jpg,精确匹配(完整),100.0%,精确匹配
"KNIGHT, MISTY",米斯蒂·奈特,KNIGHT__MISTY.jpg,KNIGHT__MISTY.jpg,精确匹配(完整),100.0%,精确匹配
JACK OF HEARTS/JACK,红心杰克,JACK_OF_HEARTS_JACK.jpg,JACK_OF_HEARTS_JACK.jpg,精确匹配(完整),100.0%,精确匹配
KA-ZAR/KEVIN PLUNDER,凯-扎尔/凯文·普兰德,KA-ZAR_KEVIN_PLUNDER.jpg,KA-ZAR_KEVIN_PLUNDER.jpg,高置信度匹配(95.0%),95.0%,高置信度
"ROSS, GEN. THADDEUS",撒迪厄斯·“雷霆”·罗斯将军,ROSS__GEN__THADDEUS.jpg,ROSS__GEN__THADDEUS.jpg,精确匹配(完整),100.0%,精确匹配
DARKSTAR/LAYNIA SERG,暗星/莱妮亚·瑟格,DARKSTAR_LAYNIA_SERG.jpg,DARKSTAR_LAYNIA_SERG.jpg,精确匹配(完整),100.0%,精确匹配
LOCKHEED,洛克希德,LOCKHEED.svg,LOCKHEED.svg,精确匹配(完整),100.0%,精确匹配
STRONG GUY/GUIDO CAR,壮汉/圭多·卡,STRONG_GUY_GUIDO_CAR.jpg,STRONG_GUY_GUIDO_CAR.jpg,精确匹配(完整),100.0%,精确匹配
"OSBORN, LIZ ALLAN",莉兹·艾伦·奥斯本,OSBORN__LIZ_ALLAN.jpg,OSBORN__LIZ_ALLAN.jpg,精确匹配(完整),100.0%,精确匹配
ENCHANTRESS/AMORA/HE,魅惑女巫/阿莫拉,ENCHANTRESS_AMORA_HE.jpg,ENCHANTRESS_AMORA_HE.jpg,精确匹配(完整),100.0%,精确匹配
ETERNITY/ADAM QADMON,永恒/亚当·卡德蒙,ETERNITY_ADAM_QADMON.jpg,ETERNITY_ADAM_QADMON.jpg,精确匹配(完整),100.0%,精确匹配
MEGGAN,梅根,MEGGAN.svg,MEGGAN.svg,精确匹配(完整),100.0%,精确匹配
RHINO,犀牛人,RHINO.jpg,RHINO.jpg,精确匹配(完整),100.0%,精确匹配
MULTIPLE MAN/JAMES A,分身人/詹姆斯·亚瑟·马多克斯,MULTIPLE_MAN_JAMES_A.jpg,MULTIPLE_MAN_JAMES_A.jpg,精确匹配(完整),100.0%,精确匹配
DOC SAMSON/DR. LEONA,萨姆森博士/莱昂娜博士,DOC_SAMSON_DR__LEONA.jpg,DOC_SAMSON_DR__LEONA.jpg,精确匹配(完整),100.0%,精确匹配
GUARDIAN/JAMES MACDO,守护者/詹姆斯·麦克唐纳,GUARDIAN_JAMES_MACDO.jpg,GUARDIAN_JAMES_MACDO.jpg,精确匹配(完整),100.0%,精确匹配
NOVA II/FRANKIE RAYE,新星二代/弗兰基·雷,NOVA_II_FRANKIE_RAYE.jpg,NOVA_II_FRANKIE_RAYE.jpg,精确匹配(完整),100.0%,精确匹配
"JAMESON, COL. JOHN",约翰·詹姆森上校,JAMESON__COL__JOHN.jpg,JAMESON__COL__JOHN.jpg,精确匹配(完整),100.0%,精确匹配
CYPHER/DOUG RAMSEY,密码/道格·拉姆齐,CYPHER_DOUG_RAMSEY.jpg,CYPHER_DOUG_RAMSEY.jpg,手动映射,100.0%,手动映射
BLACK CAT/FELICIA HA,黑猫/费莉西亚·哈代,BLACK_CAT_FELICIA_HA.jpg,BLACK_CAT_FELICIA_HA.jpg,精确匹配(完整),100.0%,精确匹配
MAKKARI/MIKE KHARY/I,马卡里/迈克·卡里/我,MAKKARI_MIKE_KHARY_I.jpg,MAKKARI_MIKE_KHARY_I.jpg,精确匹配(完整),100.0%,精确匹配
PALADIN/PAUL DENNIS,圣骑士/保罗·丹尼斯,PALADIN_PAUL_DENNIS.jpg,PALADIN_PAUL_DENNIS.jpg,精确匹配(完整),100.0%,精确匹配
DRAX/ARTHUR DOUGLAS,德拉克斯/亚瑟·道格拉斯,DRAX_ARTHUR_DOUGLAS.jpg,DRAX_ARTHUR_DOUGLAS.jpg,精确匹配(完整),100.0%,精确匹配
"TILBY, TRISH/PATRICI",帕特里夏·“翠西”·蒂尔比,TILBY__TRISH_PATRICI.jpg,TILBY__TRISH_PATRICI.jpg,精确匹配(完整),100.0%,精确匹配
WARLOCK II/ADAM WARL,术士亚当/亚当·沃洛克,WARLOCK_II_ADAM_WARL.jpg,WARLOCK_II_ADAM_WARL.jpg,精确匹配(完整),100.0%,精确匹配
PYRO/ALLERDYCE JOHNN,火人/约翰·阿勒代斯,PYRO_ALLERDYCE_JOHNN.jpg,PYRO_ALLERDYCE_JOHNN.jpg,精确匹配(完整),100.0%,精确匹配
MOLE MAN/HARVEY RUPE,鼹鼠人/哈维·鲁普,MOLE_MAN_HARVEY_RUPE.svg,MOLE_MAN_HARVEY_RUPE.svg,精确匹配(完整),100.0%,精确匹配
FIXER II/PAUL NORBER,修复者二世/保罗·诺伯,FIXER_II_PAUL_NORBER.jpg,FIXER_II_PAUL_NORBER.jpg,精确匹配(完整),100.0%,精确匹配
GHOST RIDER III/DAN,恶灵骑士III/丹尼尔·凯奇,GHOST_RIDER_III_DAN.jpg,GHOST_RIDER_III_DAN.jpg,手动映射,100.0%,手动映射
SPIDER-WOMAN/JESSICA,蜘蛛女侠/杰西卡·德鲁,SPIDER-WOMAN_JESSICA.jpg,SPIDER-WOMAN_JESSICA.jpg,高置信度匹配(95.0%),95.0%,高置信度
HELA [ASGARDIAN],海拉,HELA__ASGARDIAN_.jpg,HELA__ASGARDIAN_.jpg,高置信度匹配(96.8%),96.8%,高置信度
"PAGE, KAREN",凯伦·佩吉,PAGE__KAREN.jpg,PAGE__KAREN.jpg,精确匹配(完整),100.0%,精确匹配
JOLT/HALLIE TAKAHAMA,电击/哈利·高滨,JOLT_HALLIE_TAKAHAMA.jpg,JOLT_HALLIE_TAKAHAMA.jpg,精确匹配(完整),100.0%,精确匹配
STINGRAY/DR. WALTER,黄貂鱼/沃尔特·纽厄尔博士,STINGRAY_DR__WALTER.jpg,STINGRAY_DR__WALTER.jpg,精确匹配(完整),100.0%,精确匹配
"O'BRIEN, MICHAEL",迈克尔·奥布莱恩,O_BRIEN__MICHAEL.jpg,O_BRIEN__MICHAEL.jpg,精确匹配(完整),100.0%,精确匹配
MS. MARVEL II/SHARON,惊奇女士II/莎伦·卡特,MS__MARVEL_II_SHARON.jpg,MS__MARVEL_II_SHARON.jpg,精确匹配(完整),100.0%,精确匹配
JUGGERNAUT/CAIN MARK,红坦克/凯恩·马可,JUGGERNAUT_CAIN_MARK.jpg,JUGGERNAUT_CAIN_MARK.jpg,精确匹配(完整),100.0%,精确匹配
BLACK KING/SEBASTIAN,黑王/塞巴斯蒂安·肖,BLACK_KING_SEBASTIAN.jpg,BLACK_KING_SEBASTIAN.jpg,精确匹配(完整),100.0%,精确匹配
ELECTRO/MAX DILLON,电光人/麦克斯·狄龙,ELECTRO_MAX_DILLON.jpg,ELECTRO_MAX_DILLON.jpg,精确匹配(完整),100.0%,精确匹配
VANGUARD/NICOLAI KRY,先锋/尼古拉·克里,VANGUARD_NICOLAI_KRY.svg,VANGUARD_NICOLAI_KRY.svg,精确匹配(完整),100.0%,精确匹配
"BRIDGE, GEORGE WASHI",乔治·华盛顿·布里奇,BRIDGE__GEORGE_WASHI.jpg,BRIDGE__GEORGE_WASHI.jpg,精确匹配(完整),100.0%,精确匹配
RAGE/ELVIN DARYL HAL,狂怒/埃尔文·达里尔·哈尔,RAGE_ELVIN_DARYL_HAL.svg,RAGE_ELVIN_DARYL_HAL.svg,精确匹配(完整),100.0%,精确匹配
DEATH,死亡,DEATH.jpg,DEATH.jpg,精确匹配(完整),100.0%,精确匹配
SHANNA/SHANNA O'HARA,莎娜/莎娜·奥哈拉,SHANNA_SHANNA_O_HARA.svg,SHANNA_SHANNA_O_HARA.svg,精确匹配(完整),100.0%,精确匹配
WARLOCK III,术士三世,WARLOCK_III.jpg,WARLOCK_III.jpg,精确匹配(完整),100.0%,精确匹配
AVALANCHE/DOMINIC PE,雪崩/多米尼克·佩特罗斯,AVALANCHE_DOMINIC_PE.jpg,AVALANCHE_DOMINIC_PE.jpg,精确匹配(完整),100.0%,精确匹配
"WATSON, ANNA",安娜·沃森,WATSON__ANNA.jpg,WATSON__ANNA.jpg,精确匹配(完整),100.0%,精确匹配
HELLSTORM/DAIMON HEL,地狱风暴/戴蒙·赫尔,HELLSTORM_DAIMON_HEL.jpg,HELLSTORM_DAIMON_HEL.jpg,精确匹配(完整),100.0%,精确匹配
ABSORBING MAN/CARL C,吸收人/卡尔·克里尔,ABSORBING_MAN_CARL_C.jpg,ABSORBING_MAN_CARL_C.jpg,精确匹配(完整),100.0%,精确匹配
CLOAK/TYRONE JOHNSON,斗篷/泰隆·约翰逊,CLOAK_TYRONE_JOHNSON.jpg,CLOAK_TYRONE_JOHNSON.jpg,精确匹配(完整),100.0%,精确匹配
SABRETOOTH/VICTOR CR,剑齿虎/维克多·克里德,SABRETOOTH_VICTOR_CR.jpg,SABRETOOTH_VICTOR_CR.jpg,精确匹配(完整),100.0%,精确匹配
REDWING,红翼,REDWING.jpg,REDWING.jpg,精确匹配(完整),100.0%,精确匹配
GHOST RIDER II/JOHNN,恶灵骑士II/约翰尼·布雷泽,GHOST_RIDER_II_JOHNN.jpg,GHOST_RIDER_II_JOHNN.jpg,手动映射,100.0%,手动映射
KLAW/ULYSSES KLAW,克劳/尤利西斯·克劳,KLAW_ULYSSES_KLAW.jpg,KLAW_ULYSSES_KLAW.jpg,精确匹配(完整),100.0%,精确匹配
"GRANT, GLORIA GLORY",格洛丽亚·格洛丽·格兰特,GRANT__GLORIA_GLORY.jpg,GRANT__GLORIA_GLORY.jpg,精确匹配(完整),100.0%,精确匹配
MAGIK/ILLYANA RASPUT,秘客/伊利亚娜·拉斯普廷,MAGIK_ILLYANA_RASPUT.svg,MAGIK_ILLYANA_RASPUT.svg,精确匹配(完整),100.0%,精确匹配
"KINCAID, DR. JANE FO",金凯德博士/简·福,KINCAID__DR__JANE_FO.jpg,KINCAID__DR__JANE_FO.jpg,精确匹配(完整),100.0%,精确匹配
GARGOYLE II/ISAAC CH,石像鬼二世/艾萨克·陈,GARGOYLE_II_ISAAC_CH.jpg,GARGOYLE_II_ISAAC_CH.jpg,精确匹配(完整),100.0%,精确匹配
GEE/ALEX POWER,吉/亚历克斯·鲍尔,GEE_ALEX_POWER.jpg,GEE_ALEX_POWER.jpg,精确匹配(完整),100.0%,精确匹配
APOCALYPSE/EN SABAH,天启/恩·沙巴·努尔,APOCALYPSE_EN_SABAH.jpg,APOCALYPSE_EN_SABAH.jpg,手动映射,100.0%,手动映射
GREEN GOBLIN/NORMAN,绿魔/诺曼·奥斯本,GREEN_GOBLIN_NORMAN.jpg,GREEN_GOBLIN_NORMAN.jpg,精确匹配(完整),100.0%,精确匹配
"DE LA FONTAINE, CONT",孔特·德拉方丹,DE_LA_FONTAINE__CONT.jpg,DE_LA_FONTAINE__CONT.jpg,精确匹配(完整),100.0%,精确匹配
"HOGAN, VIRGINIA PEPP",霍根，弗吉尼亚·佩普,HOGAN__VIRGINIA_PEPP.jpg,HOGAN__VIRGINIA_PEPP.jpg,精确匹配(完整),100.0%,精确匹配
LYJA LAZERFIST [SKRU,莱贾·激光拳[斯克鲁],LYJA_LAZERFIST__SKRU.svg,LYJA_LAZERFIST__SKRU.svg,精确匹配(完整),100.0%,精确匹配
"CARTER, SHARON",莎伦·卡特,CARTER__SHARON.jpg,CARTER__SHARON.jpg,精确匹配(完整),100.0%,精确匹配
X-MAN/NATHAN GREY,X人/内森·格雷,X-MAN_NATHAN_GREY.jpg,X-MAN_NATHAN_GREY.jpg,建议检查(94.1%),94.1%,建议检查
HEIMDALL [ASGARDIAN],海姆达尔,HEIMDALL__ASGARDIAN_.svg,HEIMDALL__ASGARDIAN_.svg,高置信度匹配(97.4%),97.4%,高置信度
MACHINE MAN/X-51,机器侠/X-51,MACHINE_MAN_X-51.jpg,MACHINE_MAN_X-51.jpg,建议检查(93.8%),93.8%,建议检查
RED SKULL/JOHANN SCH,红骷髅/约翰·施密特,RED_SKULL_JOHANN_SCH.jpg,RED_SKULL_JOHANN_SCH.jpg,精确匹配(完整),100.0%,精确匹配
IKARIS/IKE HARRIS [E,伊卡里斯/艾克·哈里斯,IKARIS_IKE_HARRIS__E.jpg,IKARIS_IKE_HARRIS__E.jpg,精确匹配(完整),100.0%,精确匹配
CONSTRICTOR/FRANK PA,绞杀者/弗兰克·佩恩,CONSTRICTOR_FRANK_PA.jpg,CONSTRICTOR_FRANK_PA.jpg,精确匹配(完整),100.0%,精确匹配
TITANIA II/MARY SKEE,女泰坦/玛丽·斯基,TITANIA_II_MARY_SKEE.jpg,TITANIA_II_MARY_SKEE.jpg,精确匹配(完整),100.0%,精确匹配
NIGHTHAWK II/KYLE RI,夜鹰二世/凯尔·里,NIGHTHAWK_II_KYLE_RI.jpg,NIGHTHAWK_II_KYLE_RI.jpg,精确匹配(完整),100.0%,精确匹配
"JAMESON, MARLA MADIS",玛拉·麦迪斯·詹姆森,JAMESON__MARLA_MADIS.jpg,JAMESON__MARLA_MADIS.jpg,精确匹配(完整),100.0%,精确匹配
"SUMMERS, MADELYNE MA",玛德琳·普赖尔·萨默斯,SUMMERS__MADELYNE_MA.jpg,SUMMERS__MADELYNE_MA.jpg,精确匹配(完整),100.0%,精确匹配
WILD CHILD/KYLE GIBN,野孩子/凯尔·吉布尼,WILD_CHILD_KYLE_GIBN.jpg,WILD_CHILD_KYLE_GIBN.jpg,精确匹配(完整),100.0%,精确匹配
DAGGER/TANDY BOWEN,匕首/坦迪·鲍文,DAGGER_TANDY_BOWEN.jpg,DAGGER_TANDY_BOWEN.jpg,精确匹配(完整),100.0%,精确匹配
SILHOUETTE,剪影,SILHOUETTE.svg,SILHOUETTE.svg,精确匹配(完整),100.0%,精确匹配
CAPTAIN MARVEL/CAPTA,惊奇队长/卡罗尔·丹弗斯,CAPTAIN_MARVEL_CAPTA.jpg,CAPTAIN_MARVEL_CAPTA.jpg,手动映射,100.0%,手动映射
CLEA,克莉,CLEA.jpg,CLEA.jpg,精确匹配(完整),100.0%,精确匹配
SNOWBIRD/NARYA/ANNE,雪鸟/娜莉亚/安妮,SNOWBIRD_NARYA_ANNE.jpg,SNOWBIRD_NARYA_ANNE.jpg,精确匹配(完整),100.0%,精确匹配
WIZARD/BENTLEY WITTM,巫师/本特利·威特姆,WIZARD_BENTLEY_WITTM.jpg,WIZARD_BENTLEY_WITTM.jpg,精确匹配(完整),100.0%,精确匹配
TURBO II (A)/MICHIKO,涡轮二代/美智子,TURBO_II__A__MICHIKO.svg,TURBO_II__A__MICHIKO.svg,高置信度匹配(97.4%),97.4%,高置信度
"OSBORN, HARRY",哈利·奥斯本,OSBORN__HARRY.jpg,OSBORN__HARRY.jpg,精确匹配(完整),100.0%,精确匹配
ZABU,扎布,ZABU.svg,ZABU.svg,精确匹配(完整),100.0%,精确匹配
MARROW/SARAH,骨髓/莎拉,MARROW_SARAH.svg,MARROW_SARAH.svg,精确匹配(完整),100.0%,精确匹配
"ROM, SPACEKNIGHT",太空骑士ROM,ROM__SPACEKNIGHT.jpg,ROM__SPACEKNIGHT.jpg,精确匹配(完整),100.0%,精确匹配
BETA RAY BILL,贝塔·雷·比尔,BETA_RAY_BILL.jpg,BETA_RAY_BILL.jpg,精确匹配(完整),100.0%,精确匹配
SUPREME INTELLIGENCE,至高智慧,SUPREME_INTELLIGENCE.jpg,SUPREME_INTELLIGENCE.jpg,精确匹配(完整),100.0%,精确匹配
TOAD/MORTIMER TOYNBE,蛤蟆/莫蒂默·托因比,TOAD_MORTIMER_TOYNBE.jpg,TOAD_MORTIMER_TOYNBE.jpg,精确匹配(完整),100.0%,精确匹配
DIAMONDBACK II/RACHE,钻石背二代/瑞秋,DIAMONDBACK_II_RACHE.jpg,DIAMONDBACK_II_RACHE.jpg,精确匹配(完整),100.0%,精确匹配
BEYONDER,超越者,BEYONDER.jpg,BEYONDER.jpg,精确匹配(完整),100.0%,精确匹配
COBRA/KLAUS VORHEES,眼镜蛇/克劳斯·沃赫斯,COBRA_KLAUS_VORHEES.svg,COBRA_KLAUS_VORHEES.svg,精确匹配(完整),100.0%,精确匹配
BOOMERANG/FRED MYERS,回旋镖/弗雷德·迈尔斯,BOOMERANG_FRED_MYERS.jpg,BOOMERANG_FRED_MYERS.jpg,精确匹配(完整),100.0%,精确匹配
HUSK/PAIGE GUTHRIE,外壳/佩奇·格思里,HUSK_PAIGE_GUTHRIE.jpg,HUSK_PAIGE_GUTHRIE.jpg,精确匹配(完整),100.0%,精确匹配
THENA,西娜,THENA.svg,THENA.svg,精确匹配(完整),100.0%,精确匹配
"WING, COLLEEN",科琳·温,WING__COLLEEN.jpg,WING__COLLEEN.jpg,精确匹配(完整),100.0%,精确匹配
CITIZEN V III/DALLAS,公民V三世/达拉斯,CITIZEN_V_III_DALLAS.jpg,CITIZEN_V_III_DALLAS.jpg,精确匹配(完整),100.0%,精确匹配
DAYTRIPPER/AMANDA SE,日行者/阿曼达·塞,DAYTRIPPER_AMANDA_SE.svg,DAYTRIPPER_AMANDA_SE.svg,精确匹配(完整),100.0%,精确匹配
DR. OCTOPUS/OTTO OCT,章鱼博士/奥托·奥克塔维斯,DR__OCTOPUS_OTTO_OCT.jpg,DR__OCTOPUS_OTTO_OCT.jpg,精确匹配(完整),100.0%,精确匹配
CHARCOAL/CHARLIE BUR,木炭/查理·伯尔,CHARCOAL_CHARLIE_BUR.jpg,CHARCOAL_CHARLIE_BUR.jpg,精确匹配(完整),100.0%,精确匹配
RICTOR/JULIO ESTEBAN,震荡/胡里奥·埃斯特班,RICTOR_JULIO_ESTEBAN.jpg,RICTOR_JULIO_ESTEBAN.jpg,精确匹配(完整),100.0%,精确匹配
VIPER II,毒蛇二世,VIPER_II.svg,VIPER_II.svg,精确匹配(完整),100.0%,精确匹配
SABRA/RUTH BAT-SERAP,萨布拉/露丝·巴特-塞拉普,SABRA_RUTH_BAT-SERAP.jpg,SABRA_RUTH_BAT-SERAP.jpg,高置信度匹配(95.0%),95.0%,高置信度
SKIN/ANGELO ESPINOSA,皮肤/安吉洛·埃斯皮诺萨,SKIN_ANGELO_ESPINOSA.jpg,SKIN_ANGELO_ESPINOSA.jpg,精确匹配(完整),100.0%,精确匹配
PIP/PRINCE GOFERN,皮普/戈芬王子,PIP_PRINCE_GOFERN.jpg,PIP_PRINCE_GOFERN.jpg,精确匹配(完整),100.0%,精确匹配
TRAPSTER/PETER PETRU,陷阱大师/彼得·佩特鲁,TRAPSTER_PETER_PETRU.jpg,TRAPSTER_PETER_PETRU.jpg,精确匹配(完整),100.0%,精确匹配
WRECKER III/DIRK GAR,破坏者III/德克·加尔,WRECKER_III_DIRK_GAR.svg,WRECKER_III_DIRK_GAR.svg,精确匹配(完整),100.0%,精确匹配
DESTINY II/IRENE ADL,命运II/艾琳·阿德尔,DESTINY_II_IRENE_ADL.jpg,DESTINY_II_IRENE_ADL.jpg,精确匹配(完整),100.0%,精确匹配
GAMORA,卡魔拉,GAMORA.jpg,GAMORA.jpg,精确匹配(完整),100.0%,精确匹配
PUPPET MASTER/PHILLI,傀儡大师/菲利普·马斯特斯,PUPPET_MASTER_PHILLI.jpg,PUPPET_MASTER_PHILLI.jpg,精确匹配(完整),100.0%,精确匹配
"BALLANTINE, KAYLA",凯拉·巴兰坦,BALLANTINE__KAYLA.svg,BALLANTINE__KAYLA.svg,手动映射,100.0%,手动映射
"JONES, GABE",加布·琼斯,JONES__GABE.jpg,JONES__GABE.jpg,精确匹配(完整),100.0%,精确匹配
TORPEDO III/BROCK JO,鱼雷III/布洛克·乔,TORPEDO_III_BROCK_JO.jpg,TORPEDO_III_BROCK_JO.jpg,精确匹配(完整),100.0%,精确匹配
GLADIATOR II,角斗士二世,GLADIATOR_II.jpg,GLADIATOR_II.jpg,精确匹配(完整),100.0%,精确匹配
LONGSHOT,长射,LONGSHOT.jpg,LONGSHOT.jpg,精确匹配(完整),100.0%,精确匹配
"HOGAN, HAROLD J. HAP",哈罗德·J·“快乐”·霍根,HOGAN__HAROLD_J__HAP.jpg,HOGAN__HAROLD_J__HAP.jpg,精确匹配(完整),100.0%,精确匹配
MANDARIN,满大人,MANDARIN.jpg,MANDARIN.jpg,精确匹配(完整),100.0%,精确匹配
ZEUS,宙斯,ZEUS.svg,ZEUS.svg,精确匹配(完整),100.0%,精确匹配
RED GHOST/IVAN KRAGO,红幽灵/伊万·克拉戈,RED_GHOST_IVAN_KRAGO.jpg,RED_GHOST_IVAN_KRAGO.jpg,精确匹配(完整),100.0%,精确匹配
JOCASTA,乔卡斯塔,JOCASTA.svg,JOCASTA.svg,精确匹配(完整),100.0%,精确匹配
SYNCH/EVERETT THOMAS,同步/埃弗里特·托马斯,SYNCH_EVERETT_THOMAS.jpg,SYNCH_EVERETT_THOMAS.jpg,精确匹配(完整),100.0%,精确匹配
THINKER,思考者,THINKER.jpg,THINKER.jpg,精确匹配(完整),100.0%,精确匹配
SHATTERSTAR II/GAVEE,碎星二代/加维,SHATTERSTAR_II_GAVEE.jpg,SHATTERSTAR_II_GAVEE.jpg,精确匹配(完整),100.0%,精确匹配
HYDROMAN/MORRIE BENC,水人/莫里·本奇,HYDROMAN_MORRIE_BENC.jpg,HYDROMAN_MORRIE_BENC.jpg,精确匹配(完整),100.0%,精确匹配
CALIBAN/,卡利班,CALIBAN_.jpg,CALIBAN_.jpg,建议检查(93.3%),93.3%,建议检查
THUNDERBALL/DR. ELIO,雷球/埃利奥博士,THUNDERBALL_DR__ELIO.svg,THUNDERBALL_DR__ELIO.svg,精确匹配(完整),100.0%,精确匹配
"KELLY, SEN. ROBERT E",罗伯特·E·凯利参议员,KELLY__SEN__ROBERT_E.jpg,KELLY__SEN__ROBERT_E.jpg,精确匹配(完整),100.0%,精确匹配
FIREBIRD/BONITA JUAR,火鸟/博妮塔·胡尔,FIREBIRD_BONITA_JUAR.jpg,FIREBIRD_BONITA_JUAR.jpg,精确匹配(完整),100.0%,精确匹配
COUNTERWEIGHT II/KAT,平衡者II/凯特,COUNTERWEIGHT_II_KAT.svg,COUNTERWEIGHT_II_KAT.svg,精确匹配(完整),100.0%,精确匹配
CHAMBER/JONOTHON STA,钱伯/乔纳森·斯塔,CHAMBER_JONOTHON_STA.jpg,CHAMBER_JONOTHON_STA.jpg,精确匹配(完整),100.0%,精确匹配
PEATOR,皮特,PEATOR.svg,PEATOR.svg,精确匹配(完整),100.0%,精确匹配
VASHTI,瓦什蒂,VASHTI.svg,VASHTI.svg,精确匹配(完整),100.0%,精确匹配
LEECH,水蛭,LEECH.jpg,LEECH.jpg,精确匹配(完整),100.0%,精确匹配
MISTER HYDE/CALVIN Z,海德先生/卡尔文·扎博,MISTER_HYDE_CALVIN_Z.jpg,MISTER_HYDE_CALVIN_Z.jpg,精确匹配(完整),100.0%,精确匹配
IGOR,伊戈尔,IGOR.svg,IGOR.svg,精确匹配(完整),100.0%,精确匹配
MIKHLO,米克洛,MIKHLO.svg,MIKHLO.svg,精确匹配(完整),100.0%,精确匹配
DEADPOOL/JACK/WADE W,死侍/韦德·威尔逊,DEADPOOL_JACK_WADE_W.jpg,DEADPOOL_JACK_WADE_W.jpg,精确匹配(完整),100.0%,精确匹配
"MADDICKS, ARTHUR ART",亚瑟·阿特·马迪克斯,MADDICKS__ARTHUR_ART.svg,MADDICKS__ARTHUR_ART.svg,精确匹配(完整),100.0%,精确匹配
SPIRAL,螺旋,SPIRAL.svg,SPIRAL.svg,精确匹配(完整),100.0%,精确匹配
"LUMPKIN, WILLIAM WIL",威廉·威尔·伦普金,LUMPKIN__WILLIAM_WIL.jpg,LUMPKIN__WILLIAM_WIL.jpg,精确匹配(完整),100.0%,精确匹配
WHIPLASH/MARK SCARLO,鞭索/马克·斯卡洛,WHIPLASH_MARK_SCARLO.jpg,WHIPLASH_MARK_SCARLO.jpg,精确匹配(完整),100.0%,精确匹配
FIRELORD/PYREUS KRIL,火焰领主/派瑞斯·克里尔,FIRELORD_PYREUS_KRIL.jpg,FIRELORD_PYREUS_KRIL.jpg,精确匹配(完整),100.0%,精确匹配
"CORBEAU, DR. PETER",彼得·科博博士,CORBEAU__DR__PETER.jpg,CORBEAU__DR__PETER.jpg,精确匹配(完整),100.0%,精确匹配
NOMAD III/JACK MONRO,流浪者三世/杰克·门罗,NOMAD_III_JACK_MONRO.jpg,NOMAD_III_JACK_MONRO.jpg,精确匹配(完整),100.0%,精确匹配
BARON STRUCKER/WOLFG,斯特拉克男爵/沃尔夫冈·冯·斯特拉克,BARON_STRUCKER_WOLFG.svg,BARON_STRUCKER_WOLFG.svg,精确匹配(完整),100.0%,精确匹配
"SITWELL, JASPER",贾斯珀·西特韦尔,SITWELL__JASPER.svg,SITWELL__JASPER.svg,精确匹配(完整),100.0%,精确匹配
WHIRLWIND/DAVID CANN,旋风/大卫·坎恩,WHIRLWIND_DAVID_CANN.jpg,WHIRLWIND_DAVID_CANN.jpg,精确匹配(完整),100.0%,精确匹配
DEATHBIRD [SHI'AR],死亡鸟,DEATHBIRD__SHI_AR_.jpg,DEATHBIRD__SHI_AR_.jpg,高置信度匹配(97.1%),97.1%,高置信度
TRIATHLON/DELROY GAR,三项全能/德尔罗伊·加尔,TRIATHLON_DELROY_GAR.jpg,TRIATHLON_DELROY_GAR.jpg,精确匹配(完整),100.0%,精确匹配
WHIZZER/ROBERT L. FR,旋风侠/罗伯特·L·弗兰克,WHIZZER_ROBERT_L__FR.jpg,WHIZZER_ROBERT_L__FR.jpg,精确匹配(完整),100.0%,精确匹配
CORSAIR,海盗,CORSAIR.svg,CORSAIR.svg,精确匹配(完整),100.0%,精确匹配
EXECUTIONER II/SKURG,刽子手二世/斯库格,EXECUTIONER_II_SKURG.jpg,EXECUTIONER_II_SKURG.jpg,精确匹配(完整),100.0%,精确匹配
COUNTERWEIGHT/JACK P,平衡者/杰克·P,COUNTERWEIGHT_JACK_P.jpg,COUNTERWEIGHT_JACK_P.jpg,精确匹配(完整),100.0%,精确匹配
SILVER SABLE,银貂,SILVER_SABLE.jpg,SILVER_SABLE.jpg,精确匹配(完整),100.0%,精确匹配
LIGHTSPEED/JULIE POW,光速/朱莉·鲍,LIGHTSPEED_JULIE_POW.svg,LIGHTSPEED_JULIE_POW.svg,精确匹配(完整),100.0%,精确匹配
MASTER MOLD II,主脑二代,MASTER_MOLD_II.jpg,MASTER_MOLD_II.jpg,精确匹配(完整),100.0%,精确匹配
MAGMA/AMARA AQUILLA/,熔岩/阿玛拉·阿奎拉,MAGMA_AMARA_AQUILLA_.jpg,MAGMA_AMARA_AQUILLA_.jpg,高置信度匹配(97.4%),97.4%,高置信度
CARGIL/JOANNA CARGIL,乔安娜·卡吉尔,CARGIL_JOANNA_CARGIL.jpg,CARGIL_JOANNA_CARGIL.jpg,精确匹配(完整),100.0%,精确匹配
"STANKOWICZ, FABIAN",法比安·斯坦科维奇,STANKOWICZ__FABIAN.jpg,STANKOWICZ__FABIAN.jpg,精确匹配(完整),100.0%,精确匹配
WEREWOLF BY NIGHT/JA,午夜狼人/杰克·拉塞尔,WEREWOLF_BY_NIGHT_JA.jpg,WEREWOLF_BY_NIGHT_JA.jpg,精确匹配(完整),100.0%,精确匹配
ATTUMA,阿图玛,ATTUMA.svg,ATTUMA.svg,精确匹配(完整),100.0%,精确匹配
KISMET/J'RIDIA STARD,天命/贾里迪亚·斯塔德,KISMET_J_RIDIA_STARD.jpg,KISMET_J_RIDIA_STARD.jpg,精确匹配(完整),100.0%,精确匹配
GRANDMASTER/EN DWI G,宗师/恩·杜维·加斯特,GRANDMASTER_EN_DWI_G.jpg,GRANDMASTER_EN_DWI_G.jpg,精确匹配(完整),100.0%,精确匹配
MAGUS,马格斯,MAGUS.jpg,MAGUS.jpg,精确匹配(完整),100.0%,精确匹配
CALLISTO,卡利斯托,CALLISTO.jpg,CALLISTO.jpg,精确匹配(完整),100.0%,精确匹配
AJAK/TECUMOTZIN [ETE,阿贾克/特库莫钦,AJAK_TECUMOTZIN__ETE.svg,AJAK_TECUMOTZIN__ETE.svg,精确匹配(完整),100.0%,精确匹配
FIREFIST/RUSTY COLLI,火拳/拉斯蒂·科利,FIREFIST_RUSTY_COLLI.svg,FIREFIST_RUSTY_COLLI.svg,精确匹配(完整),100.0%,精确匹配
SKIDS/SALLY BLEVINS,滑行者/莎莉·布莱文斯,SKIDS_SALLY_BLEVINS.jpg,SKIDS_SALLY_BLEVINS.jpg,精确匹配(完整),100.0%,精确匹配
TIGER SHARK/TODD ARL,虎鲨/托德·阿尔,TIGER_SHARK_TODD_ARL.jpg,TIGER_SHARK_TODD_ARL.jpg,精确匹配(完整),100.0%,精确匹配
HOBGOBLIN V/JASON PH,第五代绿魔/杰森·菲利普·海登,HOBGOBLIN_V_JASON_PH.jpg,HOBGOBLIN_V_JASON_PH.jpg,精确匹配(完整),100.0%,精确匹配
KARMA/XI'AN COY MANH,业力/西安·科伊·曼,KARMA_XI_AN_COY_MANH.jpg,KARMA_XI_AN_COY_MANH.jpg,精确匹配(完整),100.0%,精确匹配
DEATHLOK III/MICHAEL,死亡战士III/迈克尔·柯林斯,DEATHLOK_III_MICHAEL.jpg,DEATHLOK_III_MICHAEL.jpg,精确匹配(完整),100.0%,精确匹配
MR. SINISTER/NATHAN,凶兆先生/纳撒尼尔·埃塞克斯,MR__SINISTER_NATHAN.jpg,MR__SINISTER_NATHAN.jpg,精确匹配(完整),100.0%,精确匹配
VIZIER,维齐尔,VIZIER.svg,VIZIER.svg,精确匹配(完整),100.0%,精确匹配
HYPERION,亥伯龙,HYPERION.jpg,HYPERION.jpg,精确匹配(完整),100.0%,精确匹配
FORGOTTEN ONE/GILGAM,遗忘者/吉尔伽姆,FORGOTTEN_ONE_GILGAM.svg,FORGOTTEN_ONE_GILGAM.svg,精确匹配(完整),100.0%,精确匹配
MAD DOG/COLONEL BUZZ,疯狗/巴兹上校,MAD_DOG_COLONEL_BUZZ.jpg,MAD_DOG_COLONEL_BUZZ.jpg,精确匹配(完整),100.0%,精确匹配
"ARBOGAST, BAMBI",班比·阿博加斯特,ARBOGAST__BAMBI.svg,ARBOGAST__BAMBI.svg,精确匹配(完整),100.0%,精确匹配
MAN-THING/THEODORE T,类人体/西奥多·萨利斯,MAN-THING_THEODORE_T.jpg,MAN-THING_THEODORE_T.jpg,高置信度匹配(95.0%),95.0%,高置信度
ABOMINATION/EMIL BLO,憎恶/埃米尔·布朗斯基,ABOMINATION_EMIL_BLO.jpg,ABOMINATION_EMIL_BLO.jpg,精确匹配(完整),100.0%,精确匹配
"ROSENTHAL, BERNIE",伯尼·罗森塔尔,ROSENTHAL__BERNIE.svg,ROSENTHAL__BERNIE.svg,精确匹配(完整),100.0%,精确匹配
LEADER/SAM STERNS,大头目/塞缪尔·斯特恩斯,LEADER_SAM_STERNS.jpg,LEADER_SAM_STERNS.jpg,精确匹配(完整),100.0%,精确匹配
KARNILLA [ASGARDIAN],卡尼拉,KARNILLA__ASGARDIAN_.svg,KARNILLA__ASGARDIAN_.svg,高置信度匹配(97.4%),97.4%,高置信度
SELENE,赛琳娜,SELENE.svg,SELENE.svg,精确匹配(完整),100.0%,精确匹配
GYPSY MOTH,吉普赛蛾,GYPSY_MOTH.jpg,GYPSY_MOTH.jpg,精确匹配(完整),100.0%,精确匹配
BLACK GOLIATH/DR. WI,黑歌利亚/威廉·福斯特博士,BLACK_GOLIATH_DR__WI.jpg,BLACK_GOLIATH_DR__WI.jpg,精确匹配(完整),100.0%,精确匹配
PILEDRIVER II/BRIAN,打桩机二世/布莱恩,PILEDRIVER_II_BRIAN.jpg,PILEDRIVER_II_BRIAN.jpg,精确匹配(完整),100.0%,精确匹配
PRINCESS PYTHON/ZELD,蟒蛇公主/泽尔德,PRINCESS_PYTHON_ZELD.jpg,PRINCESS_PYTHON_ZELD.jpg,精确匹配(完整),100.0%,精确匹配
LIVING TRIBUNAL,生命法庭,LIVING_TRIBUNAL.jpg,LIVING_TRIBUNAL.jpg,精确匹配(完整),100.0%,精确匹配
COLLECTOR/TANELEER T,收藏家/坦利亚·蒂万,COLLECTOR_TANELEER_T.svg,COLLECTOR_TANELEER_T.svg,精确匹配(完整),100.0%,精确匹配
GATEWAY,传送门,GATEWAY.svg,GATEWAY.svg,精确匹配(完整),100.0%,精确匹配
ULTRON,奥创,ULTRON.jpg,ULTRON.jpg,精确匹配(完整),100.0%,精确匹配
RINGMASTER/MAYNARD T,马戏团团长/梅纳德·T,RINGMASTER_MAYNARD_T.svg,RINGMASTER_MAYNARD_T.svg,精确匹配(完整),100.0%,精确匹配
DARK BEAST/HENRY MCC,黑暗野兽/亨利·麦考伊,DARK_BEAST_HENRY_MCC.jpg,DARK_BEAST_HENRY_MCC.jpg,精确匹配(完整),100.0%,精确匹配
SILVER SAMURAI/KENYU,银武士/健由,SILVER_SAMURAI_KENYU.jpg,SILVER_SAMURAI_KENYU.jpg,精确匹配(完整),100.0%,精确匹配
"LEEDS, NED",内德·利兹,LEEDS__NED.svg,LEEDS__NED.svg,精确匹配(完整),100.0%,精确匹配
"LEE, STAN",斯坦·李,LEE__STAN.jpg,LEE__STAN.jpg,精确匹配(完整),100.0%,精确匹配
CRIMSON COWL II/,绯红兜帽二世,CRIMSON_COWL_II_.jpg,CRIMSON_COWL_II_.jpg,高置信度匹配(96.8%),96.8%,高置信度
DR. SPECTRUM/JOSEPH,光谱博士/约瑟夫,DR__SPECTRUM_JOSEPH.jpg,DR__SPECTRUM_JOSEPH.jpg,精确匹配(完整),100.0%,精确匹配
MODOK/GEORGE TARLETO,魔多客/乔治·塔尔顿,MODOK_GEORGE_TARLETO.jpg,MODOK_GEORGE_TARLETO.jpg,精确匹配(完整),100.0%,精确匹配
BROTHER VOODOO/DANIE,巫毒兄弟/丹尼尔·德拉姆,BROTHER_VOODOO_DANIE.jpg,BROTHER_VOODOO_DANIE.jpg,精确匹配(完整),100.0%,精确匹配
SUPER SKRULL/KL'RT,超级斯克鲁人/克拉特,SUPER_SKRULL_KL_RT.jpg,SUPER_SKRULL_KL_RT.jpg,精确匹配(完整),100.0%,精确匹配
FERAL/MARIA CALLASAN,野性/玛丽亚·卡拉桑,FERAL_MARIA_CALLASAN.jpg,FERAL_MARIA_CALLASAN.jpg,精确匹配(完整),100.0%,精确匹配
BULLDOZER/HENRY CAMP,推土机/亨利·坎普,BULLDOZER_HENRY_CAMP.jpg,BULLDOZER_HENRY_CAMP.jpg,精确匹配(完整),100.0%,精确匹配
"OSBORN, NORMIE",诺米·奥斯本,OSBORN__NORMIE.jpg,OSBORN__NORMIE.jpg,精确匹配(完整),100.0%,精确匹配
"JONES, MARLO CHANDLE",马洛·钱德尔·琼斯,JONES__MARLO_CHANDLE.jpg,JONES__MARLO_CHANDLE.jpg,精确匹配(完整),100.0%,精确匹配
URSA MAJOR/MIKHAIL U,大熊/米哈伊尔·U,URSA_MAJOR_MIKHAIL_U.jpg,URSA_MAJOR_MIKHAIL_U.jpg,精确匹配(完整),100.0%,精确匹配
SHIP,飞船,SHIP.svg,SHIP.svg,精确匹配(完整),100.0%,精确匹配
VAPOR,蒸汽,VAPOR.svg,VAPOR.svg,精确匹配(完整),100.0%,精确匹配
BATROC/GEORGES BATRO,巴托克/乔治·巴托,BATROC_GEORGES_BATRO.svg,BATROC_GEORGES_BATRO.svg,精确匹配(完整),100.0%,精确匹配
RONAN THE ACCUSER [K,指控者罗南,RONAN_THE_ACCUSER__K.svg,RONAN_THE_ACCUSER__K.svg,精确匹配(完整),100.0%,精确匹配
CH'OD,乔德,CH_OD.svg,CH_OD.svg,精确匹配(完整),100.0%,精确匹配
SHROUD/MAXIMILLIAN Q,裹尸布/马克西米利安·Q,SHROUD_MAXIMILLIAN_Q.jpg,SHROUD_MAXIMILLIAN_Q.jpg,精确匹配(完整),100.0%,精确匹配
RAZA LONGKNIFE,拉扎·长刀,RAZA_LONGKNIFE.svg,RAZA_LONGKNIFE.svg,精确匹配(完整),100.0%,精确匹配
"KENT, CLARK",克拉克·肯特,KENT__CLARK.jpg,KENT__CLARK.jpg,精确匹配(完整),100.0%,精确匹配
WHIZZER II/STANLEY S,旋风侠二世/斯坦利·S,WHIZZER_II_STANLEY_S.svg,WHIZZER_II_STANLEY_S.svg,精确匹配(完整),100.0%,精确匹配
BLACK MAMBA/TANYA SE,黑曼巴/谭雅·塞,BLACK_MAMBA_TANYA_SE.jpg,BLACK_MAMBA_TANYA_SE.jpg,精确匹配(完整),100.0%,精确匹配
BLITZKRIEG/,闪电战/,BLITZKRIEG_.svg,BLITZKRIEG_.svg,高置信度匹配(95.2%),95.2%,高置信度
MELTER/BRUNO HORGAN,熔化者/布鲁诺·霍根,MELTER_BRUNO_HORGAN.svg,MELTER_BRUNO_HORGAN.svg,精确匹配(完整),100.0%,精确匹配
DEMOLITION MAN/DENNI,破坏者/丹尼,DEMOLITION_MAN_DENNI.jpg,DEMOLITION_MAN_DENNI.jpg,精确匹配(完整),100.0%,精确匹配
ARISHEM [CELESTIAL],阿里瑟姆 [天神族],ARISHEM__CELESTIAL_.svg,ARISHEM__CELESTIAL_.svg,高置信度匹配(97.3%),97.3%,高置信度
CRIMSON DYNAMO V/DIM,绯红机甲五号/迪姆,CRIMSON_DYNAMO_V_DIM.jpg,CRIMSON_DYNAMO_V_DIM.jpg,精确匹配(完整),100.0%,精确匹配
ARABIAN KNIGHT/ABDUL,阿拉伯骑士/阿卜杜勒,ARABIAN_KNIGHT_ABDUL.jpg,ARABIAN_KNIGHT_ABDUL.jpg,精确匹配(完整),100.0%,精确匹配
"SOUTHERN, CANDY",坎迪·萨瑟恩,SOUTHERN__CANDY.svg,SOUTHERN__CANDY.svg,精确匹配(完整),100.0%,精确匹配
DIABLO/ESTEBAN DE AB,迪亚布罗/埃斯特班·德·阿布,DIABLO_ESTEBAN_DE_AB.svg,DIABLO_ESTEBAN_DE_AB.svg,精确匹配(完整),100.0%,精确匹配
TALISMAN II/ELIZABET,塔利斯曼二世/伊丽莎白,TALISMAN_II_ELIZABET.jpg,TALISMAN_II_ELIZABET.jpg,精确匹配(完整),100.0%,精确匹配
PLANTMAN/SAM SMITHER,植物人/萨姆·斯密瑟,PLANTMAN_SAM_SMITHER.jpg,PLANTMAN_SAM_SMITHER.jpg,精确匹配(完整),100.0%,精确匹配
DRAGONFLY/VERONICA D,蜻蜓/维罗妮卡·D,DRAGONFLY_VERONICA_D.jpg,DRAGONFLY_VERONICA_D.jpg,精确匹配(完整),100.0%,精确匹配
"GREY, DR. JOHN",约翰·格雷博士,GREY__DR__JOHN.jpg,GREY__DR__JOHN.jpg,精确匹配(完整),100.0%,精确匹配
"STRUCKER, ANDREAS",安德烈亚斯·斯特拉克,STRUCKER__ANDREAS.svg,STRUCKER__ANDREAS.svg,精确匹配(完整),100.0%,精确匹配
ANACONDA/BLANCHE SIT,巨蟒/布兰奇·西特,ANACONDA_BLANCHE_SIT.svg,ANACONDA_BLANCHE_SIT.svg,精确匹配(完整),100.0%,精确匹配
SHAMROCK/MOLLY FITZG,三叶草/莫莉·菲茨杰拉德,SHAMROCK_MOLLY_FITZG.svg,SHAMROCK_MOLLY_FITZG.svg,精确匹配(完整),100.0%,精确匹配
"TANAKA, KENJIRO",田中健次郎,TANAKA__KENJIRO.svg,TANAKA__KENJIRO.svg,精确匹配(完整),100.0%,精确匹配
STARSHINE II/BRANDY,星光二世/布兰迪,STARSHINE_II_BRANDY.jpg,STARSHINE_II_BRANDY.jpg,精确匹配(完整),100.0%,精确匹配
MAM'SELLE HEPZIBAH,赫普齐巴小姐,MAM_SELLE_HEPZIBAH.svg,MAM_SELLE_HEPZIBAH.svg,精确匹配(完整),100.0%,精确匹配
TESSA,泰莎,TESSA.svg,TESSA.svg,精确匹配(完整),100.0%,精确匹配
"STRUCKER, ANDREA",安德烈亚·斯特拉克,STRUCKER__ANDREA.svg,STRUCKER__ANDREA.svg,精确匹配(完整),100.0%,精确匹配
"STONE, LT. MARCUS",马库斯·斯通中尉,STONE__LT__MARCUS.jpg,STONE__LT__MARCUS.jpg,精确匹配(完整),100.0%,精确匹配
MAXIMUS [INHUMAN],马克西姆斯,MAXIMUS__INHUMAN_.jpg,MAXIMUS__INHUMAN_.jpg,高置信度匹配(97.0%),97.0%,高置信度
PENANCE/MONET ST. CR,忏悔者/莫奈·圣克罗,PENANCE_MONET_ST__CR.svg,PENANCE_MONET_ST__CR.svg,精确匹配(完整),100.0%,精确匹配
UNION JACK III/JOEY,联合杰克三世/乔伊·查普曼,UNION_JACK_III_JOEY.jpg,UNION_JACK_III_JOEY.jpg,精确匹配(完整),100.0%,精确匹配
BLAQUESMITH,黑铁匠,BLAQUESMITH.jpg,BLAQUESMITH.jpg,精确匹配(完整),100.0%,精确匹配
"WISDOM, PETER",彼得·威斯登,WISDOM__PETER.jpg,WISDOM__PETER.jpg,精确匹配(完整),100.0%,精确匹配
"ROBERTSON, RANDY",兰迪·罗伯逊,ROBERTSON__RANDY.svg,ROBERTSON__RANDY.svg,精确匹配(完整),100.0%,精确匹配
GHAUR [DEVIANT],高尔[异人族],GHAUR__DEVIANT_.svg,GHAUR__DEVIANT_.svg,高置信度匹配(96.6%),96.6%,高置信度
RED GUARDIAN III/DR.,红色守卫者III/博士,RED_GUARDIAN_III_DR_.jpg,RED_GUARDIAN_III_DR_.jpg,高置信度匹配(97.4%),97.4%,高置信度
"POWER, DR. JIM",吉姆·鲍尔博士,POWER__DR__JIM.jpg,POWER__DR__JIM.jpg,精确匹配(完整),100.0%,精确匹配
MR. FANTASTIC DOPPEL,神奇先生杜佩尔,MR__FANTASTIC_DOPPEL.jpg,MR__FANTASTIC_DOPPEL.jpg,精确匹配(完整),100.0%,精确匹配
LIZARD/DR. CURTIS CO,蜥蜴人/科特·康纳斯博士,LIZARD_DR__CURTIS_CO.jpg,LIZARD_DR__CURTIS_CO.jpg,精确匹配(完整),100.0%,精确匹配
TEXAS TWISTER/DREW D,德克萨斯旋风/德鲁·D,TEXAS_TWISTER_DREW_D.jpg,TEXAS_TWISTER_DREW_D.jpg,精确匹配(完整),100.0%,精确匹配
DEVIL-SLAYER/ERIC SI,恶魔杀手/埃里克·斯,DEVIL-SLAYER_ERIC_SI.jpg,DEVIL-SLAYER_ERIC_SI.jpg,高置信度匹配(95.0%),95.0%,高置信度
VANISHER,瞬移者,VANISHER.jpg,VANISHER.jpg,精确匹配(完整),100.0%,精确匹配
MYSTERIO/QUENTIN BEC,神秘客/昆汀·贝克,MYSTERIO_QUENTIN_BEC.jpg,MYSTERIO_QUENTIN_BEC.jpg,精确匹配(完整),100.0%,精确匹配
MOLECULE MAN/OWEN RE,分子人/欧文·里斯,MOLECULE_MAN_OWEN_RE.svg,MOLECULE_MAN_OWEN_RE.svg,精确匹配(完整),100.0%,精确匹配
MENTOR/ALARS [ETERNA,导师/阿拉尔斯 [永恒族,MENTOR_ALARS__ETERNA.jpg,MENTOR_ALARS__ETERNA.jpg,精确匹配(完整),100.0%,精确匹配
BATTLESTAR/LEMAR HOS,战星/勒马尔·霍斯,BATTLESTAR_LEMAR_HOS.jpg,BATTLESTAR_LEMAR_HOS.jpg,精确匹配(完整),100.0%,精确匹配
"KINCAID, DR. KEITH",基思·金凯德博士,KINCAID__DR__KEITH.svg,KINCAID__DR__KEITH.svg,精确匹配(完整),100.0%,精确匹配
VENOM/EDDIE BROCK,毒液/艾迪·布洛克,VENOM_EDDIE_BROCK.jpg,VENOM_EDDIE_BROCK.jpg,精确匹配(完整),100.0%,精确匹配
"STACY, JILL",吉尔·史黛西,STACY__JILL.jpg,STACY__JILL.jpg,精确匹配(完整),100.0%,精确匹配
SAURON/DR. KARL LYKO,索伦/卡尔·莱科博士,SAURON_DR__KARL_LYKO.jpg,SAURON_DR__KARL_LYKO.jpg,精确匹配(完整),100.0%,精确匹配
THANOS DOPPELGANGER,灭霸分身,THANOS_DOPPELGANGER.jpg,THANOS_DOPPELGANGER.jpg,精确匹配(完整),100.0%,精确匹配
"LE FEY, MORGAN",摩根·勒菲,LE_FEY__MORGAN.svg,LE_FEY__MORGAN.svg,精确匹配(完整),100.0%,精确匹配
SWORDSMAN/JACQUES DU,剑客/雅克·杜,SWORDSMAN_JACQUES_DU.jpg,SWORDSMAN_JACQUES_DU.jpg,精确匹配(完整),100.0%,精确匹配
WATER WIZARD/PETE,水巫师/皮特,WATER_WIZARD_PETE.jpg,WATER_WIZARD_PETE.jpg,精确匹配(完整),100.0%,精确匹配
GAEA,盖亚,GAEA.svg,GAEA.svg,精确匹配(完整),100.0%,精确匹配
ASP II/CLEO,克莱奥/克莱奥,ASP_II_CLEO.jpg,ASP_II_CLEO.jpg,精确匹配(完整),100.0%,精确匹配
"CUSHING, KATE",凯特·库欣,CUSHING__KATE.jpg,CUSHING__KATE.jpg,精确匹配(完整),100.0%,精确匹配
EPOCH,纪元,EPOCH.svg,EPOCH.svg,精确匹配(完整),100.0%,精确匹配
"SZARDOS, MARGALI",玛格丽·萨尔多斯,SZARDOS__MARGALI.jpg,SZARDOS__MARGALI.jpg,精确匹配(完整),100.0%,精确匹配
ZIRAN,自然,ZIRAN.svg,ZIRAN.svg,精确匹配(完整),100.0%,精确匹配
"CHENEY, LILA",莱拉·切尼,CHENEY__LILA.svg,CHENEY__LILA.svg,精确匹配(完整),100.0%,精确匹配
ORACLE/LADY SIBYL,神谕/女先知,ORACLE_LADY_SIBYL.jpg,ORACLE_LADY_SIBYL.jpg,精确匹配(完整),100.0%,精确匹配
ARCANNA/ARCANNA JONE,阿尔卡娜/阿尔卡娜·琼斯,ARCANNA_ARCANNA_JONE.jpg,ARCANNA_ARCANNA_JONE.jpg,精确匹配(完整),100.0%,精确匹配
BOLT II/CHRIS BRADLE,闪电侠II/克里斯·布拉德利,BOLT_II_CHRIS_BRADLE.jpg,BOLT_II_CHRIS_BRADLE.jpg,精确匹配(完整),100.0%,精确匹配
"HAMMER, JUSTIN",贾斯汀·汉默,HAMMER__JUSTIN.jpg,HAMMER__JUSTIN.jpg,精确匹配(完整),100.0%,精确匹配
THUNDERBIRD III/NEAL,雷鸟三世/尼尔,THUNDERBIRD_III_NEAL.jpg,THUNDERBIRD_III_NEAL.jpg,精确匹配(完整),100.0%,精确匹配
SILVERMANE/SILVIO MA,银鬃/西尔维奥·马,SILVERMANE_SILVIO_MA.jpg,SILVERMANE_SILVIO_MA.jpg,精确匹配(完整),100.0%,精确匹配
BOX IV/MADISON JEFFR,盒子四号/麦迪逊·杰弗,BOX_IV_MADISON_JEFFR.jpg,BOX_IV_MADISON_JEFFR.jpg,精确匹配(完整),100.0%,精确匹配
EGO,伊戈,EGO.jpg,EGO.jpg,精确匹配(完整),100.0%,精确匹配
SCANNER II,扫描者二世,SCANNER_II.jpg,SCANNER_II.jpg,精确匹配(完整),100.0%,精确匹配
PROWLER/HOBIE BROWN,潜行者/霍比·布朗,PROWLER_HOBIE_BROWN.jpg,PROWLER_HOBIE_BROWN.jpg,精确匹配(完整),100.0%,精确匹配
"MERRYWEATHER, IRENE",艾琳·梅里韦瑟,MERRYWEATHER__IRENE.jpg,MERRYWEATHER__IRENE.jpg,精确匹配(完整),100.0%,精确匹配
"WINGFOOT, WYATT",飞足，怀亚特,WINGFOOT__WYATT.jpg,WINGFOOT__WYATT.jpg,精确匹配(完整),100.0%,精确匹配
DORMAMMU,多玛姆,DORMAMMU.jpg,DORMAMMU.jpg,精确匹配(完整),100.0%,精确匹配
DRACULA/VLAD TEPES,德古拉/弗拉德·采佩什,DRACULA_VLAD_TEPES.jpg,DRACULA_VLAD_TEPES.jpg,精确匹配(完整),100.0%,精确匹配
"POWER, MARGARET",玛格丽特·鲍尔,POWER__MARGARET.jpg,POWER__MARGARET.jpg,精确匹配(完整),100.0%,精确匹配
NIGHTHAWK/KYLE RICHM,夜鹰/凯尔·里奇蒙,NIGHTHAWK_KYLE_RICHM.jpg,NIGHTHAWK_KYLE_RICHM.jpg,精确匹配(完整),100.0%,精确匹配
WHIZZER III/JAMES SA,疾速侠三世/詹姆斯·萨,WHIZZER_III_JAMES_SA.jpg,WHIZZER_III_JAMES_SA.jpg,精确匹配(完整),100.0%,精确匹配
KRISTOFF/KRISTOFF VE,克里斯托夫·维尔纳夫,KRISTOFF_KRISTOFF_VE.svg,KRISTOFF_KRISTOFF_VE.svg,精确匹配(完整),100.0%,精确匹配
"LUBENSKI, NATE","卢本斯基, 内特",LUBENSKI__NATE.jpg,LUBENSKI__NATE.jpg,精确匹配(完整),100.0%,精确匹配
"ROBERTSON, MARTHA",玛莎·罗伯逊,ROBERTSON__MARTHA.svg,ROBERTSON__MARTHA.svg,精确匹配(完整),100.0%,精确匹配
MANTIS/? BRANDT,螳螂女/布兰特,MANTIS___BRANDT.jpg,MANTIS___BRANDT.jpg,高置信度匹配(96.6%),96.6%,高置信度
"SIKORSKY, RAYMOND",雷蒙德·西科尔斯基,SIKORSKY__RAYMOND.jpg,SIKORSKY__RAYMOND.jpg,精确匹配(完整),100.0%,精确匹配
EEL II/EDWARD LAVELL,鳗人二世/爱德华·拉维尔,EEL_II_EDWARD_LAVELL.jpg,EEL_II_EDWARD_LAVELL.jpg,精确匹配(完整),100.0%,精确匹配
PLUTO [OLYMPIAN],冥王[奥林匹亚],PLUTO__OLYMPIAN_.svg,PLUTO__OLYMPIAN_.svg,高置信度匹配(96.8%),96.8%,高置信度
RED WOLF III/WILL TA,红狼三世/威尔·塔,RED_WOLF_III_WILL_TA.jpg,RED_WOLF_III_WILL_TA.jpg,精确匹配(完整),100.0%,精确匹配
SHOCKER/HERMAN SCHUL,震荡者/赫尔曼·舒尔,SHOCKER_HERMAN_SCHUL.jpg,SHOCKER_HERMAN_SCHUL.jpg,精确匹配(完整),100.0%,精确匹配
DAREDEVIL DOPPELGANG,夜魔侠复制体,DAREDEVIL_DOPPELGANG.jpg,DAREDEVIL_DOPPELGANG.jpg,精确匹配(完整),100.0%,精确匹配
RINTRAH,林特拉,RINTRAH.svg,RINTRAH.svg,精确匹配(完整),100.0%,精确匹配
KRO [DEVIANT],克罗[异变族],KRO__DEVIANT_.svg,KRO__DEVIANT_.svg,高置信度匹配(96.0%),96.0%,高置信度
"CORTEZ, FABIAN",法比安·科尔特斯,CORTEZ__FABIAN.jpg,CORTEZ__FABIAN.jpg,精确匹配(完整),100.0%,精确匹配
MAN-KILLER/KATRINA L,杀人魔/卡特里娜·L,MAN-KILLER_KATRINA_L.jpg,MAN-KILLER_KATRINA_L.jpg,高置信度匹配(95.0%),95.0%,高置信度
ROMA,罗马,ROMA.jpg,ROMA.jpg,精确匹配(完整),100.0%,精确匹配
TOMBSTONE/LONNIE THO,墓碑/朗尼·汤姆森,TOMBSTONE_LONNIE_THO.svg,TOMBSTONE_LONNIE_THO.svg,精确匹配(完整),100.0%,精确匹配
"JONES, CHARLOTTE",夏洛特·琼斯,JONES__CHARLOTTE.jpg,JONES__CHARLOTTE.jpg,精确匹配(完整),100.0%,精确匹配
PHOENIX II,凤凰女二代,PHOENIX_II.jpg,PHOENIX_II.jpg,精确匹配(完整),100.0%,精确匹配
"LANG, CASSANDRA CASS",凯西·朗,LANG__CASSANDRA_CASS.jpg,LANG__CASSANDRA_CASS.jpg,精确匹配(完整),100.0%,精确匹配
QUICKSAND,流沙,QUICKSAND.jpg,QUICKSAND.jpg,精确匹配(完整),100.0%,精确匹配
LEGION II/DAVID HALL,军团二世/大卫·霍尔,LEGION_II_DAVID_HALL.jpg,LEGION_II_DAVID_HALL.jpg,精确匹配(完整),100.0%,精确匹配
KARKAS [DEVIANT],卡卡斯[异人族],KARKAS__DEVIANT_.svg,KARKAS__DEVIANT_.svg,高置信度匹配(96.8%),96.8%,高置信度
GREY GARGOYLE/PAUL P,灰石像鬼/保罗·皮埃尔·杜瓦尔,GREY_GARGOYLE_PAUL_P.jpg,GREY_GARGOYLE_PAUL_P.jpg,精确匹配(完整),100.0%,精确匹配
"GREY, ELAINE",伊莱恩·格雷,GREY__ELAINE.jpg,GREY__ELAINE.jpg,精确匹配(完整),100.0%,精确匹配
CAPTAIN MARVEL III/G,惊奇队长III/G,CAPTAIN_MARVEL_III_G.jpg,CAPTAIN_MARVEL_III_G.jpg,手动映射,100.0%,手动映射
"DRUMM, JERICHO",杰里科·德拉姆,DRUMM__JERICHO.jpg,DRUMM__JERICHO.jpg,精确匹配(完整),100.0%,精确匹配
MASTERMIND/JASON WYN,大师/杰森·温,MASTERMIND_JASON_WYN.jpg,MASTERMIND_JASON_WYN.jpg,精确匹配(完整),100.0%,精确匹配
M,M,M.svg,M.svg,精确匹配(完整),100.0%,精确匹配
IRONCLAD,铁甲,IRONCLAD.svg,IRONCLAD.svg,精确匹配(完整),100.0%,精确匹配
EBONY,埃博尼,EBONY.svg,EBONY.svg,精确匹配(完整),100.0%,精确匹配
"TOWER, BLAKE",布莱克·托尔,TOWER__BLAKE.jpg,TOWER__BLAKE.jpg,精确匹配(完整),100.0%,精确匹配
VALINOR,瓦林诺,VALINOR.jpg,VALINOR.jpg,精确匹配(完整),100.0%,精确匹配
VOLCANA/MARSHA ROSEN,火山女/玛莎·罗森,VOLCANA_MARSHA_ROSEN.jpg,VOLCANA_MARSHA_ROSEN.jpg,精确匹配(完整),100.0%,精确匹配
HAMMERHEAD,锤头,HAMMERHEAD.svg,HAMMERHEAD.svg,精确匹配(完整),100.0%,精确匹配
NIGHTMARE/EDVARD HAB,梦魇/爱德华·哈布,NIGHTMARE_EDVARD_HAB.svg,NIGHTMARE_EDVARD_HAB.svg,精确匹配(完整),100.0%,精确匹配
MASTER/ESHU,大师/埃舒,MASTER_ESHU.jpg,MASTER_ESHU.jpg,精确匹配(完整),100.0%,精确匹配
KRAVEN THE HUNTER/SE,猎人克莱文/谢尔盖·克拉维诺夫,KRAVEN_THE_HUNTER_SE.jpg,KRAVEN_THE_HUNTER_SE.jpg,精确匹配(完整),100.0%,精确匹配
SERGEI,谢尔盖,SERGEI.svg,SERGEI.svg,精确匹配(完整),100.0%,精确匹配
IRON MAN DOPPELGANGE,钢铁侠替身,IRON_MAN_DOPPELGANGE.jpg,IRON_MAN_DOPPELGANGE.jpg,精确匹配(完整),100.0%,精确匹配
"COUNT NEFARIA, LUCHI",卢奇·内法里亚伯爵,COUNT_NEFARIA__LUCHI.svg,COUNT_NEFARIA__LUCHI.svg,精确匹配(完整),100.0%,精确匹配
RED GUARDIAN V,红色守卫者五号,RED_GUARDIAN_V.jpg,RED_GUARDIAN_V.jpg,精确匹配(完整),100.0%,精确匹配
BOVA,波娃,BOVA.svg,BOVA.svg,精确匹配(完整),100.0%,精确匹配
MADAME MASQUE/GIULIE,面具夫人/朱莉,MADAME_MASQUE_GIULIE.jpg,MADAME_MASQUE_GIULIE.jpg,精确匹配(完整),100.0%,精确匹配
ANGAR THE SCREAMER/D,尖叫者安加尔/D,ANGAR_THE_SCREAMER_D.svg,ANGAR_THE_SCREAMER_D.svg,精确匹配(完整),100.0%,精确匹配
S'YM,赛姆,S_YM.svg,S_YM.svg,精确匹配(完整),100.0%,精确匹配
PORCUPINE/ALEX GENTR,豪猪/亚历克斯·金特,PORCUPINE_ALEX_GENTR.jpg,PORCUPINE_ALEX_GENTR.jpg,精确匹配(完整),100.0%,精确匹配
ARCLIGHT/PHILLIPA SO,弧光/菲利帕·索,ARCLIGHT_PHILLIPA_SO.jpg,ARCLIGHT_PHILLIPA_SO.jpg,精确匹配(完整),100.0%,精确匹配
STRANGER,陌生人,STRANGER.svg,STRANGER.svg,精确匹配(完整),100.0%,精确匹配
GAMMENON [CELESTIAL],伽玛农[天神],GAMMENON__CELESTIAL_.svg,GAMMENON__CELESTIAL_.svg,高置信度匹配(97.4%),97.4%,高置信度
"MCLAREN, MEGAN",梅根·麦克拉伦,MCLAREN__MEGAN.jpg,MCLAREN__MEGAN.jpg,精确匹配(完整),100.0%,精确匹配
EXODUS/BENNET DUPARI,出埃及记/本内特·杜帕里,EXODUS_BENNET_DUPARI.jpg,EXODUS_BENNET_DUPARI.jpg,精确匹配(完整),100.0%,精确匹配
CLOWN/CRAFTY ELIOT F,小丑/狡猾的埃利奥特·F,CLOWN_CRAFTY_ELIOT_F.jpg,CLOWN_CRAFTY_ELIOT_F.jpg,精确匹配(完整),100.0%,精确匹配
X-RAY,X射线,X-RAY.svg,X-RAY.svg,建议检查(80.0%),80.0%,建议检查
"ROSS, EVERETT KENNET",埃弗雷特·肯尼特·罗斯,ROSS__EVERETT_KENNET.jpg,ROSS__EVERETT_KENNET.jpg,精确匹配(完整),100.0%,精确匹配
SLEEPWALKER,梦游者,SLEEPWALKER.svg,SLEEPWALKER.svg,精确匹配(完整),100.0%,精确匹配
BLACK TOM CASSIDY,黑汤姆·卡西迪,BLACK_TOM_CASSIDY.jpg,BLACK_TOM_CASSIDY.jpg,精确匹配(完整),100.0%,精确匹配
COLLECTIVE MAN,集体人,COLLECTIVE_MAN.svg,COLLECTIVE_MAN.svg,精确匹配(完整),100.0%,精确匹配
DEFENSOR,防御者,DEFENSOR.svg,DEFENSOR.svg,精确匹配(完整),100.0%,精确匹配
"PEREGRINE, LE/FRANCK",游隼/弗兰克·勒,PEREGRINE__LE_FRANCK.jpg,PEREGRINE__LE_FRANCK.jpg,精确匹配(完整),100.0%,精确匹配
"BANNON, LANCE",兰斯·班农,BANNON__LANCE.jpg,BANNON__LANCE.jpg,精确匹配(完整),100.0%,精确匹配
CERISE II [SHI'AR],樱桃二世[希阿],CERISE_II__SHI_AR_.svg,CERISE_II__SHI_AR_.svg,高置信度匹配(97.1%),97.1%,高置信度
VECTOR,矢量,VECTOR.svg,VECTOR.svg,精确匹配(完整),100.0%,精确匹配
